Date,Reservoir water level,Tail water level,In flow,Daily mean temperature,Daily rainfall
01/01/2019 08:00:00,,,134,10.8,1.5
01/02/2019 08:00:00,,,130,10.6,0
01/03/2019 08:00:00,,,135,10.6,0
01/04/2019 08:00:00,,,158,9.8,3
01/05/2019 08:00:00,,,142,8.8,1
01/06/2019 08:00:00,,,195,9.1,0
01/07/2019 08:00:00,,,159,9.4,0
01/08/2019 08:00:00,,,146,10.8,0
01/09/2019 08:00:00,,,154,11.5,0
01/10/2019 08:00:00,,,154,10.8,0
01/11/2019 08:00:00,,,141,11.7,3
01/12/2019 08:00:00,,,171,9.5,5
01/13/2019 08:00:00,,,195,8.5,0
01/14/2019 08:00:00,,,154,9.6,0
01/15/2019 08:00:00,,,167,9.8,0
01/16/2019 08:00:00,,,153,9.9,0
01/17/2019 08:00:00,,,179,11.8,0
01/18/2019 08:00:00,,,197,10.5,0
01/19/2019 08:00:00,,,173,15.2,0
01/20/2019 08:00:00,,,158,12.6,10
01/21/2019 08:00:00,,,171,9.9,24.5
01/22/2019 08:00:00,,,308,8.1,19
01/23/2019 08:00:00,,,273,8.6,0
01/24/2019 08:00:00,,,279,8.9,0
01/25/2019 08:00:00,,,258,8.2,0
01/26/2019 08:00:00,,,252,8.6,0
01/27/2019 08:00:00,,,244,9.3,0
01/28/2019 08:00:00,,,226,9.8,0
01/29/2019 08:00:00,,,220,10.8,0
01/30/2019 08:00:00,,,209,9.9,9
01/31/2019 08:00:00,,,220,8.2,14
02/01/2019 08:00:00,,,215,9.2,0
02/02/2019 08:00:00,,,294,11.6,0
02/03/2019 08:00:00,,,261,14.4,0
02/04/2019 08:00:00,,,228,12,0
02/05/2019 08:00:00,,,248,13.2,0.5
02/06/2019 08:00:00,,,248,10.4,7
02/07/2019 08:00:00,,,285,8.2,14
02/08/2019 08:00:00,,,309,9.6,0
02/09/2019 08:00:00,,,284,11.6,0
02/10/2019 08:00:00,,,351,12,0
02/11/2019 08:00:00,,,296,13.6,0
02/12/2019 08:00:00,,,294,12.9,0
02/13/2019 08:00:00,,,313,15.1,0
02/14/2019 08:00:00,,,377,10.9,23
02/15/2019 08:00:00,,,399,12,0
02/16/2019 08:00:00,,,403,12.9,0
02/17/2019 08:00:00,,,373,12.1,3.5
02/18/2019 08:00:00,,,381,10.4,0
02/19/2019 08:00:00,,,424,11.6,0
02/20/2019 08:00:00,,,389,12.2,49.5
02/21/2019 08:00:00,,,878,10,28.5
02/22/2019 08:00:00,,,824,11.3,0
02/23/2019 08:00:00,,,644,12.6,0
02/24/2019 08:00:00,,,614,12.9,0
02/25/2019 08:00:00,,,524,11.6,1
02/26/2019 08:00:00,,,562,8,16.5
02/27/2019 08:00:00,,,541,9.1,0
02/28/2019 08:00:00,,,483,10.9,0
03/01/2019 08:00:00,,,457,11.1,0.5
03/02/2019 08:00:00,,,403,9.3,21
03/03/2019 08:00:00,,,524,9.8,0.5
03/04/2019 08:00:00,,,504,12,2.5
03/05/2019 08:00:00,,,460,12.8,0
03/06/2019 08:00:00,,,450,15.1,1.5
03/07/2019 08:00:00,,,462,12.7,1.5
03/08/2019 08:00:00,,,490,13.3,0
03/09/2019 08:00:00,,,415,15.1,0
03/10/2019 08:00:00,,,429,16,0
03/11/2019 08:00:00,,,443,11.8,39
03/12/2019 08:00:00,,,776,13.4,0
03/13/2019 08:00:00,,,570,13.7,0
03/14/2019 08:00:00,,,550,12.9,0
03/15/2019 08:00:00,,,464,14.7,0
03/16/2019 08:00:00,,,471,16.7,0
03/17/2019 08:00:00,,,471,17.9,0
03/18/2019 08:00:00,,,485,17.3,0
03/19/2019 08:00:00,,,490,15,5.5
03/20/2019 08:00:00,,,681,15.1,0
03/21/2019 08:00:00,,,744,17.4,0
03/22/2019 08:00:00,,,638,19,0
03/23/2019 08:00:00,,,641,16.5,0
03/24/2019 08:00:00,,,630,17.6,0
03/25/2019 08:00:00,,,608,19.9,0
03/26/2019 08:00:00,,,708,20.2,29.5
03/27/2019 08:00:00,,,705,20.7,0
03/28/2019 08:00:00,,,750,22.4,0
03/29/2019 08:00:00,,,847,22.4,0
03/30/2019 08:00:00,,,1000,21.9,0
03/31/2019 08:00:00,,,1040,21.9,0
04/01/2019 08:00:00,,,1020,23.7,0
04/02/2019 08:00:00,,,999,23.3,0
04/03/2019 08:00:00,,,1040,24.3,0
04/04/2019 08:00:00,,,1110,24.8,0
04/05/2019 08:00:00,,,1280,25.9,0
04/06/2019 08:00:00,,,1330,25.7,0
04/07/2019 08:00:00,,,1400,24.8,0
04/08/2019 08:00:00,,,1440,24.9,0
04/09/2019 08:00:00,,,1430,24.7,26
04/10/2019 08:00:00,,,1480,23.1,0
04/11/2019 08:00:00,,,1740,23.8,0
04/12/2019 08:00:00,,,1500,24.6,2.5
04/13/2019 08:00:00,,,1620,22.6,0
04/14/2019 08:00:00,,,1670,22.1,0
04/15/2019 08:00:00,,,1550,24.4,1
04/16/2019 08:00:00,,,1470,20.9,26
04/17/2019 08:00:00,,,1560,16.2,7.5
04/18/2019 08:00:00,,,1600,18.5,1
04/19/2019 08:00:00,,,1460,20.2,0
04/20/2019 08:00:00,,,1450,22.5,0
04/21/2019 08:00:00,,,1520,24.4,0
04/22/2019 08:00:00,,,1510,26.1,0
04/23/2019 08:00:00,,,1550,27.9,21
04/24/2019 08:00:00,,,1600,22.1,1.5
04/25/2019 08:00:00,,,1760,24.7,5
04/26/2019 08:00:00,,,1870,24,0
04/27/2019 08:00:00,,,1810,25.9,0
04/28/2019 08:00:00,,,1640,26,0
04/29/2019 08:00:00,,,1630,25.5,1.5
04/30/2019 08:00:00,,,1530,25.8,0
05/01/2019 08:00:00,397.76,395.74,1510,26.7,0
05/02/2019 08:00:00,397.51,395.61,1460,25.9,0
05/03/2019 08:00:00,397.37,395.44,1410,23.7,0
05/04/2019 08:00:00,396.84,394.91,1260,26.6,0
05/05/2019 08:00:00,396.47,394.54,1180,26.4,0
05/06/2019 08:00:00,396.46,394.63,1180,27.5,0
05/07/2019 08:00:00,396.55,394.68,1180,27.8,0
05/08/2019 08:00:00,396.71,394.79,1230,30,0
05/09/2019 08:00:00,396.49,394.54,1170,30.3,0
05/10/2019 08:00:00,396.88,394.96,1290,29.1,0.5
05/11/2019 08:00:00,396.62,394.69,1220,24.3,0.5
05/12/2019 08:00:00,396.76,394.91,1280,27.5,0
05/13/2019 08:00:00,396.42,394.55,1180,26.3,0
05/14/2019 08:00:00,396.76,394.92,1280,25.4,0
05/15/2019 08:00:00,396.67,394.77,1240,26.1,0
05/16/2019 08:00:00,396.67,394.73,1220,23.5,0
05/17/2019 08:00:00,396.7,394.74,1230,22.7,13.5
05/18/2019 08:00:00,397.23,395.25,1390,24,0
05/19/2019 08:00:00,396.69,394.79,1230,26.3,17.5
05/20/2019 08:00:00,396.63,394.72,1190,25.8,0
05/21/2019 08:00:00,397.44,395.47,1420,28.8,0
05/22/2019 08:00:00,397.14,395.19,1360,28.7,1
05/23/2019 08:00:00,397.08,395.17,1350,24.5,16.5
05/24/2019 08:00:00,397.4,395.49,1410,21.2,20.5
05/25/2019 08:00:00,397.72,395.76,1520,23.1,0
05/26/2019 08:00:00,397.32,395.45,1420,26.3,0
05/27/2019 08:00:00,397.05,395.17,1330,29.3,0
05/28/2019 08:00:00,396.74,394.85,1250,30,0
05/29/2019 08:00:00,396.91,394.93,1280,30.7,0
05/30/2019 08:00:00,397.28,395.33,1320,31.7,0
05/31/2019 08:00:00,397.49,395.59,1460,33.5,0
06/01/2019 08:00:00,397.52,395.55,1440,33.9,0
06/02/2019 08:00:00,397.69,395.69,1510,32.7,1
06/03/2019 08:00:00,397.68,395.66,1490,31.5,0
06/04/2019 08:00:00,397.68,395.68,1490,29.5,0
06/05/2019 08:00:00,397.96,395.93,1550,30.2,0
06/06/2019 08:00:00,397.59,395.62,1480,28.6,0
06/07/2019 08:00:00,397.13,395.2,1350,29.8,0
06/08/2019 08:00:00,396.83,394.85,1270,31.8,0
06/09/2019 08:00:00,396.93,395.04,1300,32.9,0
06/10/2019 08:00:00,397.16,395.22,1350,33.3,1
06/11/2019 08:00:00,397.67,395.7,1480,30.6,7.5
06/12/2019 08:00:00,398.89,396.8,1820,27.3,0
06/13/2019 08:00:00,400.15,397.86,2230,30.5,0
06/14/2019 08:00:00,398.71,396.64,1820,32.5,0
06/15/2019 08:00:00,398.57,396.52,1760,31.2,1
06/16/2019 08:00:00,398.21,396.17,1660,31.7,0
06/17/2019 08:00:00,397.22,395.21,1370,30.7,0
06/18/2019 08:00:00,398.28,396.22,1520,27.5,0
06/19/2019 08:00:00,397.94,395.93,1580,27.7,36
06/20/2019 08:00:00,397.93,395.94,1580,24.2,2
06/21/2019 08:00:00,397.92,395.9,1590,28.1,0
06/22/2019 08:00:00,397.52,395.57,1470,30.1,2
06/23/2019 08:00:00,397.49,395.44,1430,27.3,9.5
06/24/2019 08:00:00,397.9,395.92,1590,27.4,0
06/25/2019 08:00:00,398.07,396,1600,29.8,0
06/26/2019 08:00:00,397.22,395.29,1390,31.9,0
06/27/2019 08:00:00,397.65,395.61,1500,32.2,0
06/28/2019 08:00:00,397.43,395.42,1460,33.2,0
06/29/2019 08:00:00,397.78,395.7,1460,32.7,8.5
06/30/2019 08:00:00,397.8,395.78,1520,30.8,0
07/01/2019 08:00:00,397.57,395.61,1500,33,0
07/02/2019 08:00:00,397.2,395.26,1400,32.6,0
07/03/2019 08:00:00,397.4,395.44,1450,34.5,0
07/04/2019 08:00:00,398.21,396.21,1630,33.6,6.5
07/05/2019 08:00:00,398.47,396.45,1750,29.6,0.5
07/06/2019 08:00:00,398.39,396.33,1730,28.2,0
07/07/2019 08:00:00,397.86,395.86,1590,29.3,4
07/08/2019 08:00:00,398.44,396.42,1770,29.6,80.5
07/09/2019 08:00:00,398.65,396.63,1850,26.1,14
07/10/2019 08:00:00,399.21,397,1970,27.4,12.5
07/11/2019 08:00:00,398.6,396.52,1790,26.8,3
07/12/2019 08:00:00,398.47,396.41,1780,27.8,9
07/13/2019 08:00:00,398.23,396.24,1730,26.8,2.5
07/14/2019 08:00:00,397.95,395.83,1590,26.7,4
07/15/2019 08:00:00,398.57,396.56,1830,24.9,0
07/16/2019 08:00:00,397.63,395.56,1500,26.3,6.5
07/17/2019 08:00:00,397.54,395.46,1480,25.7,0
07/18/2019 08:00:00,397.45,395.45,1460,26.7,11.5
07/19/2019 08:00:00,396.93,394.94,1320,25.9,0.5
07/20/2019 08:00:00,397.05,395.06,1370,28.2,0
07/21/2019 08:00:00,397.08,395.07,1250,28.3,0
07/22/2019 08:00:00,397.4,395.39,1470,29,71.5
07/23/2019 08:00:00,396.69,394.73,1290,28.1,0
07/24/2019 08:00:00,396.98,394.93,1310,30.2,29.5
07/25/2019 08:00:00,397.7,395.64,1530,30.5,2
07/26/2019 08:00:00,397.1,395.09,1300,29.7,2.5
07/27/2019 08:00:00,396.52,394.32,1140,28.8,11.5
07/28/2019 08:00:00,396.79,394.79,1280,27.9,3.5
07/29/2019 08:00:00,396.77,394.69,1250,30.5,0
07/30/2019 08:00:00,396.56,394.56,1230,25.9,66.5
07/31/2019 08:00:00,397.55,395.4,1450,25.5,56.5
08/01/2019 08:00:00,397.33,395.39,1510,24.2,6
08/02/2019 08:00:00,397.3,395.19,1370,26.6,0
08/03/2019 08:00:00,396.75,394.73,1250,27.2,0.5
08/04/2019 08:00:00,397.37,395.03,1280,28.8,0
08/05/2019 08:00:00,397.55,395.4,1180,28.5,29.5
08/06/2019 08:00:00,397.64,395.25,1190,26,74
08/07/2019 08:00:00,397.13,395.1,1390,25.3,29.5
08/08/2019 08:00:00,397.24,394.76,1140,28.8,0
08/09/2019 08:00:00,396.91,394.54,1150,27.4,10
08/10/2019 08:00:00,396.55,394.16,1380,25.8,17
08/11/2019 08:00:00,396.9,394.74,1270,28,0.5
08/12/2019 08:00:00,396.56,394.31,1150,29.3,0
08/13/2019 08:00:00,396.3,394.23,1100,27.8,64.5
08/14/2019 08:00:00,397.24,394.76,1250,24.6,6
08/15/2019 08:00:00,396.91,394.54,1180,27.7,0
08/16/2019 08:00:00,396.55,394.16,1070,27.3,4.5
08/17/2019 08:00:00,397.28,395.03,1240,25.5,0
08/18/2019 08:00:00,396.69,394.31,1110,26.4,8.5
08/19/2019 08:00:00,396.27,393.79,996,25.9,0
08/20/2019 08:00:00,396.19,393.78,987,26.6,0
08/21/2019 08:00:00,395.68,393.38,850,27.1,0.5
08/22/2019 08:00:00,395.39,393.46,891,27.6,0
08/23/2019 08:00:00,395.3,393,832,27.1,0
08/24/2019 08:00:00,395.29,392.96,821,28.7,0
08/25/2019 08:00:00,395.26,392.94,800,27.6,66.5
08/26/2019 08:00:00,395.25,393.27,886,24.1,0
08/27/2019 08:00:00,395.1,392.6,726,27.2,0
08/28/2019 08:00:00,395.05,392.49,710,29.3,0
08/29/2019 08:00:00,395.01,392.42,697,29.3,2
08/30/2019 08:00:00,394.93,392.27,679,27.8,0
08/31/2019 08:00:00,394.76,392.25,646,27.5,0
09/01/2019 08:00:00,393.28,392.32,665,28.3,1
09/02/2019 08:00:00,393.28,392.21,633,26.6,0
09/03/2019 08:00:00,394.11,391.94,572,28.6,0
09/04/2019 08:00:00,394.03,391.88,550,29.3,0
09/05/2019 08:00:00,393.92,391.71,521,28,0
09/06/2019 08:00:00,393.85,391.69,531,27.3,4.5
09/07/2019 08:00:00,393.45,391.61,495,26.5,0
09/08/2019 08:00:00,393.38,391.59,457,27.1,15
09/09/2019 08:00:00,393.6,391.53,493,28.2,0
09/10/2019 08:00:00,393.26,391.09,443,28.9,0
09/11/2019 08:00:00,394.2,391.22,426,29.4,0
09/12/2019 08:00:00,394.11,391.1,419,29.2,0
09/13/2019 08:00:00,393.94,390.8,395,27.8,0
09/14/2019 08:00:00,393.99,390.87,399,26.6,0
09/15/2019 08:00:00,393.96,390.66,397,27.5,0.5
09/16/2019 08:00:00,393.39,390.44,326,25.6,0
09/17/2019 08:00:00,392.37,390.42,357,26.1,0
09/18/2019 08:00:00,392.26,390.36,347,26.3,0
09/19/2019 08:00:00,392.08,390.36,311,25.6,2.5
09/20/2019 08:00:00,393.93,390.43,395,23.6,0
09/21/2019 08:00:00,392.21,390.36,319,24.8,0
09/22/2019 08:00:00,392.36,390.36,336,25.7,1
09/23/2019 08:00:00,392.08,390.36,315,25.1,0.5
09/24/2019 08:00:00,392.02,390.36,308,25.6,20
09/25/2019 08:00:00,392.08,390.52,321,25,0
09/26/2019 08:00:00,392.35,390.36,349,25.8,57.5
09/27/2019 08:00:00,392.36,390.74,389,23.8,3
09/28/2019 08:00:00,391.96,390.36,289,23.7,0.5
09/29/2019 08:00:00,391.92,390.36,277,22.5,0
09/30/2019 08:00:00,391.93,390.36,282,22.7,22.5
10/01/2019 08:00:00,392.21,390.41,339,22.6,0
10/02/2019 08:00:00,392.2,390.35,332,22.8,0
10/03/2019 08:00:00,391.96,390.35,287,20.4,3
10/04/2019 08:00:00,391.84,390.35,277,20.9,0
10/05/2019 08:00:00,392.1,390.36,308,22.1,0
10/06/2019 08:00:00,391.89,391.77,281,20.8,0
10/07/2019 08:00:00,391.76,391.63,263,22.5,0
10/08/2019 08:00:00,391.89,389.65,269,21.9,0
10/09/2019 08:00:00,391.93,389.9,289,21.8,0
10/10/2019 08:00:00,391.86,389.67,271,22.2,0
10/11/2019 08:00:00,392.08,389.95,309,22,0
10/12/2019 08:00:00,391.8,389.49,257,22.2,0
10/13/2019 08:00:00,391.83,389.47,257,22.5,0
10/14/2019 08:00:00,391.81,389.55,260,23.1,0
10/15/2019 08:00:00,391.72,389.38,248,23.2,0
10/16/2019 08:00:00,391.81,389.63,273,23,0
10/17/2019 08:00:00,391.72,389.37,244,22.5,6
10/18/2019 08:00:00,391.75,389.64,269,18.7,0.5
10/19/2019 08:00:00,391.89,389.72,281,19.6,0
10/20/2019 08:00:00,391.77,389.58,266,19.8,0
10/21/2019 08:00:00,391.43,389.49,257,20.1,0
10/22/2019 08:00:00,391.43,389.38,253,20.2,0
10/23/2019 08:00:00,391.38,389.3,242,20.2,0
10/24/2019 08:00:00,391.2,389.03,220,20.7,0
10/25/2019 08:00:00,391.13,388.94,208,19.8,0
10/26/2019 08:00:00,391.12,388.97,209,19.7,0
10/27/2019 08:00:00,391.11,388.96,200,20.1,0
10/28/2019 08:00:00,391.08,388.98,200,20,0
10/29/2019 08:00:00,391.08,388.95,197,20,0
10/30/2019 08:00:00,391.07,388.94,197,20.2,0
10/31/2019 08:00:00,391.07,388.94,195,21.2,0
11/01/2019 08:00:00,391.05,388.95,197,19,0
11/02/2019 08:00:00,391.03,388.91,194,20.6,0
11/03/2019 08:00:00,391.07,388.95,197,20.3,0
11/04/2019 08:00:00,390.85,388.63,166,19,0
11/05/2019 08:00:00,390.78,388.61,156,19.2,23.5
11/06/2019 08:00:00,391.1,389.13,195,14.5,49.5
11/07/2019 08:00:00,391.54,392,557,12.9,0.5
11/08/2019 08:00:00,391.5,391.54,462,14.8,0
11/09/2019 08:00:00,391.59,391.27,434,18,0
11/10/2019 08:00:00,391.72,390.68,343,17.1,0
11/11/2019 08:00:00,391.62,390.9,373,16.5,0
11/12/2019 08:00:00,391.65,390.49,339,16.6,0
11/13/2019 08:00:00,391.61,390.48,353,17.1,0
11/14/2019 08:00:00,391.62,390.28,334,17.9,1
11/15/2019 08:00:00,392.9,390.71,381,15.9,0.5
11/16/2019 08:00:00,393.59,391.75,555,15.6,3
11/17/2019 08:00:00,393.79,392.03,598,17.2,0
11/18/2019 08:00:00,393.82,391.43,493,16.6,0
11/19/2019 08:00:00,393.44,391.37,469,15.7,0
11/20/2019 08:00:00,393.37,391.35,469,14.7,0
11/21/2019 08:00:00,393.19,391.09,434,15,0
11/22/2019 08:00:00,393.3,391.23,462,15.4,0.5
11/23/2019 08:00:00,393.69,391.77,529,15.4,0
11/24/2019 08:00:00,393.76,391.86,567,16.3,0
11/25/2019 08:00:00,393.67,391.74,548,15.7,0
11/26/2019 08:00:00,393.49,391.56,512,14.3,0.5
11/27/2019 08:00:00,393.41,391.44,478,12.8,4
11/28/2019 08:00:00,393.87,392.05,589,12.3,0.5
11/29/2019 08:00:00,393.69,391.83,531,13.5,0
11/30/2019 08:00:00,393.43,391.48,471,14.2,0
12/01/2019 08:00:00,393.11,391.08,426,13.3,0
12/02/2019 08:00:00,393.37,391.43,478,13.1,0
12/03/2019 08:00:00,393.32,391.41,474,13.2,0
12/04/2019 08:00:00,392.99,390.93,399,13.3,0
12/05/2019 08:00:00,393.05,391.01,407,12.5,0
12/06/2019 08:00:00,392.98,390.86,391,12.6,0
12/07/2019 08:00:00,393.04,390.93,373,13.2,0
12/08/2019 08:00:00,392.84,390.66,363,12.8,0
12/09/2019 08:00:00,392.79,390.58,355,12,0
12/10/2019 08:00:00,392.8,390.61,357,11,0
12/11/2019 08:00:00,392.74,390.54,357,12.7,0
12/12/2019 08:00:00,392.67,390.45,330,10.6,9.5
12/13/2019 08:00:00,392.59,390.31,367,8.3,15
12/14/2019 08:00:00,392.82,390.68,359,8.9,1
12/15/2019 08:00:00,392.59,390.25,347,9.6,0
12/16/2019 08:00:00,392.72,390.53,328,11.5,0
12/17/2019 08:00:00,392.64,390.37,330,11.4,0
12/18/2019 08:00:00,392.67,390.39,289,9.4,0
12/19/2019 08:00:00,392.42,390.01,306,8.8,0.5
12/20/2019 08:00:00,392.5,390.13,294,7.9,0
12/21/2019 08:00:00,392.42,389.99,296,10.2,0
12/22/2019 08:00:00,392.48,390.1,274,11.5,0
12/23/2019 08:00:00,392.32,389.86,291,10.9,0
12/24/2019 08:00:00,392.39,389.99,289,8.7,0
12/25/2019 08:00:00,392.39,389.97,279,8.9,0
12/26/2019 08:00:00,392.37,389.91,273,6.9,0
12/27/2019 08:00:00,392.34,389.85,282,5.9,0
12/28/2019 08:00:00,392.4,389.95,266,4.9,0
12/29/2019 08:00:00,392.3,389.77,265,6.4,0
12/30/2019 08:00:00,392.28,389.74,244,8.2,0
12/31/2019 08:00:00,392.19,389.56,248,8.5,0
01/01/2020 08:00:00,392.22,389.66,252,8.8,0
01/02/2020 08:00:00,392.24,389.63,252,10.8,0
01/03/2020 08:00:00,392.09,389.34,224,11,0
01/04/2020 08:00:00,392.1,389.37,228,10.1,0.5
01/05/2020 08:00:00,392.16,389.49,237,7.3,0
01/06/2020 08:00:00,392.17,389.51,240,7.5,14
01/07/2020 08:00:00,392.1,389.32,248,6.5,4.5
01/08/2020 08:00:00,392.14,389.5,237,7.3,0
01/09/2020 08:00:00,392.27,389.72,261,7.7,0
01/10/2020 08:00:00,392.33,389.87,273,9.3,0
01/11/2020 08:00:00,392.2,389.56,245,8,0.5
01/12/2020 08:00:00,392.2,389.58,247,10.5,17.5
01/13/2020 08:00:00,392.24,389.69,257,9.3,58
01/14/2020 08:00:00,393.22,391.37,464,9,0
01/15/2020 08:00:00,391.89,388.88,276,9.7,0
01/16/2020 08:00:00,392.68,390.45,334,10.7,0
01/17/2020 08:00:00,392.83,390.71,369,11,0
01/18/2020 08:00:00,392.74,390.57,381,10.6,0
01/19/2020 08:00:00,392.74,390.58,349,9.7,0
01/20/2020 08:00:00,392.89,390.76,371,10.8,0
01/21/2020 08:00:00,392.77,390.62,355,8.6,1
01/22/2020 08:00:00,392.8,390.68,363,9.1,0
01/23/2020 08:00:00,392.77,390.6,351,10.2,0
01/24/2020 08:00:00,392.86,390.75,371,11.2,0
01/25/2020 08:00:00,392.83,390.68,365,10.4,0
01/26/2020 08:00:00,392.49,390.16,369,11.8,0
01/27/2020 08:00:00,392.76,390.59,347,11.5,3
01/28/2020 08:00:00,392.69,390.55,347,8.8,28
01/29/2020 08:00:00,392.89,390.65,389,9.3,0.5
01/30/2020 08:00:00,392.79,390.47,367,10.4,0
01/31/2020 08:00:00,392.79,390.45,361,9.8,0
02/01/2020 08:00:00,392.83,390.52,367,10.7,0
02/02/2020 08:00:00,392.83,390.51,369,10.7,0
02/03/2020 08:00:00,392.7,390.32,341,10.8,0
02/04/2020 08:00:00,392.7,390.29,339,8.9,0
02/05/2020 08:00:00,392.52,389.99,309,11.1,0
02/06/2020 08:00:00,392.54,390,311,10.4,0
02/07/2020 08:00:00,392.47,389.9,300,11.2,0
02/08/2020 08:00:00,392.46,389.91,298,11.4,0
02/09/2020 08:00:00,392.49,389.92,302,11.8,0
02/10/2020 08:00:00,392.54,390.05,311,12.1,0
02/11/2020 08:00:00,392.5,389.93,304,11.6,0
02/12/2020 08:00:00,392.6,390.16,324,14.4,0
02/13/2020 08:00:00,392.54,390.04,311,16,0
02/14/2020 08:00:00,393.2,391.14,417,16.6,0
02/15/2020 08:00:00,393.28,391.31,474,16.3,0
02/16/2020 08:00:00,393.17,391.08,438,16.6,0
02/17/2020 08:00:00,393.19,391.13,445,16,0
02/18/2020 08:00:00,393.14,391.03,431,16.5,0
02/19/2020 08:00:00,393.15,391.11,443,14.2,3
02/20/2020 08:00:00,393.12,391.02,429,13.4,0
02/21/2020 08:00:00,393.17,391.09,436,14.8,0
02/22/2020 08:00:00,393.21,391.15,443,15,0
02/23/2020 08:00:00,393,390.8,403,16.1,0
02/24/2020 08:00:00,393.27,391.23,467,15.9,0
02/25/2020 08:00:00,393.2,391.18,450,16.2,0
02/26/2020 08:00:00,393.24,391.19,452,16.9,0
02/27/2020 08:00:00,393.1,390.98,422,17.7,21.5
02/28/2020 08:00:00,393.32,391.29,478,14.5,24
02/29/2020 08:00:00,394.34,392.59,700,12.6,11
03/01/2020 08:00:00,394.31,392.5,684,15.8,0
03/02/2020 08:00:00,393.84,391.91,574,16.6,0
03/03/2020 08:00:00,393.69,391.78,553,17.3,0
03/04/2020 08:00:00,393.58,391.65,519,15.1,17.5
03/05/2020 08:00:00,393.51,391.54,514,11.7,14.5
03/06/2020 08:00:00,394.18,392.36,592,11,27
03/07/2020 08:00:00,394.41,392.64,715,10.5,24
03/08/2020 08:00:00,395.49,393.88,961,11.7,0
03/09/2020 08:00:00,394.61,392.86,768,14.5,0
03/10/2020 08:00:00,394.36,392.58,697,15.3,0
03/11/2020 08:00:00,394.12,392.28,641,13.7,25.5
03/12/2020 08:00:00,394.08,392.23,646,12.8,3.5
03/13/2020 08:00:00,394.05,392.17,627,13.7,14
03/14/2020 08:00:00,394.01,392.14,608,14.7,0
03/15/2020 08:00:00,393.76,391.85,565,15.3,0
03/16/2020 08:00:00,393.84,391.9,574,16.7,0
03/17/2020 08:00:00,393.74,391.81,553,18.4,0
03/18/2020 08:00:00,393.84,391.98,592,18.8,0
03/19/2020 08:00:00,394.04,392.13,619,19,0
03/20/2020 08:00:00,394.08,392.21,657,18.5,2
03/21/2020 08:00:00,394.29,392.47,616,16.6,1.5
03/22/2020 08:00:00,394.04,392.17,692,18.1,0
03/23/2020 08:00:00,394.16,392.36,660,19.9,12.5
03/24/2020 08:00:00,395.02,393.31,657,15.5,21
03/25/2020 08:00:00,395,393.29,953,16.8,0
03/26/2020 08:00:00,394.83,393.09,853,18.5,4.5
03/27/2020 08:00:00,394.58,392.83,757,14.4,139
03/28/2020 08:00:00,397.47,395.88,1870,14.7,0
03/29/2020 08:00:00,397.16,395.58,1390,18.2,0
03/30/2020 08:00:00,396.19,394.61,1150,17.3,0
03/31/2020 08:00:00,395.66,394.08,1010,16.3,7
04/01/2020 08:00:00,397.21,395.61,1390,17.4,10.5
04/02/2020 08:00:00,396.86,395.25,1430,16.1,0
04/03/2020 08:00:00,396.69,395.13,1240,18,0
04/04/2020 08:00:00,396.23,394.61,1130,19.6,0
04/05/2020 08:00:00,395.82,394.14,1090,19.2,14.5
04/06/2020 08:00:00,395.72,394.1,1060,19.2,0
04/07/2020 08:00:00,395.59,393.97,990,18.8,0
04/08/2020 08:00:00,395.43,393.72,947,20.2,0
04/09/2020 08:00:00,395.21,393.55,911,20.7,2.5
04/10/2020 08:00:00,395.3,393.59,908,21.1,0
04/11/2020 08:00:00,395.62,393.95,1030,22.3,0
04/12/2020 08:00:00,395.82,394.11,1030,23.4,0
04/13/2020 08:00:00,396.11,394.49,1070,23.8,0
04/14/2020 08:00:00,396.32,394.7,1140,24.6,0
04/15/2020 08:00:00,396.33,394.73,1150,24.6,0
04/16/2020 08:00:00,397.18,395.62,1470,24.1,0
04/17/2020 08:00:00,397.03,395.4,1330,19.1,14.5
04/18/2020 08:00:00,397.22,395.67,1380,16.2,5.5
04/19/2020 08:00:00,398.46,396.77,1760,18.6,0
04/20/2020 08:00:00,397.61,396,1500,21.2,0
04/21/2020 08:00:00,397.04,395.45,1370,20.8,0
04/22/2020 08:00:00,396.78,395.21,1280,21.4,0
04/23/2020 08:00:00,396.67,395.09,1280,24.2,0
04/24/2020 08:00:00,396.92,395.32,1330,24.2,0
04/25/2020 08:00:00,396.75,395.2,1370,22.5,1.5
04/26/2020 08:00:00,397.38,395.85,1460,22.6,0
04/27/2020 08:00:00,397.38,395.79,1450,19.4,16
04/28/2020 08:00:00,397.76,396.11,1540,21.3,0
04/29/2020 08:00:00,397.76,396.14,1450,24.5,0
04/30/2020 08:00:00,398.11,396.47,1650,26.5,0
05/01/2020 08:00:00,398.29,396.64,1710,26.4,0
05/02/2020 08:00:00,398.22,396.5,1680,26.8,17.5
05/03/2020 08:00:00,399.57,397.71,2050,22.5,0
05/04/2020 08:00:00,399.38,397.54,2020,23.2,1.5
05/05/2020 08:00:00,398.59,396.87,1800,23.3,0
05/06/2020 08:00:00,397.96,396.3,1650,24.6,0
05/07/2020 08:00:00,397.63,396.02,1510,23.9,0
05/08/2020 08:00:00,397.43,395.89,1470,25.8,0
05/09/2020 08:00:00,397.67,396.03,1500,28.1,7.5
05/10/2020 08:00:00,398.19,396.57,1650,25.8,0
05/11/2020 08:00:00,397.89,396.29,1600,24.1,5.5
05/12/2020 08:00:00,397.96,396.29,1680,23.6,2
05/13/2020 08:00:00,398.06,396.4,1570,26,0.5
05/14/2020 08:00:00,398.39,396.77,1750,20.2,51
05/15/2020 08:00:00,401.72,399.29,2730,22.8,0
05/16/2020 08:00:00,399.5,397.66,2100,25.4,0
05/17/2020 08:00:00,398.57,396.82,1800,26.9,0
05/18/2020 08:00:00,398.11,396.51,1690,26.4,0
05/19/2020 08:00:00,397.57,395.97,1580,25.4,0
05/20/2020 08:00:00,397.35,395.7,1440,26.1,0
05/21/2020 08:00:00,397.23,395.6,1420,28.6,0
05/22/2020 08:00:00,397.53,395.9,1500,28.8,0.5
05/23/2020 08:00:00,397.7,396.02,1530,29.4,0
05/24/2020 08:00:00,397.57,395.95,1520,29.4,0
05/25/2020 08:00:00,398.07,396.43,1580,30.5,0
05/26/2020 08:00:00,398.09,396.57,1700,31.2,0
05/27/2020 08:00:00,398.34,396.69,1770,31,0
05/28/2020 08:00:00,398.19,396.52,1720,30.2,0
05/29/2020 08:00:00,398.07,396.47,1660,25.9,8
05/30/2020 08:00:00,397.52,395.87,1520,21.5,37.5
05/31/2020 08:00:00,397.66,396.07,1470,21.2,1.5
06/01/2020 08:00:00,397.41,395.82,1580,23.2,0
06/02/2020 08:00:00,397.53,395.9,1450,22.1,0
06/03/2020 08:00:00,397.7,396.02,1410,24.3,0
06/04/2020 08:00:00,397.15,395.58,1400,25.5,0
06/05/2020 08:00:00,398.34,396.69,1380,26.7,0.5
06/06/2020 08:00:00,397.46,395.83,1470,24.3,0
06/07/2020 08:00:00,397.71,396.05,1530,26.5,0
06/08/2020 08:00:00,398.07,396.35,1620,27.3,1.5
06/09/2020 08:00:00,397.86,396.31,1630,27.3,0.5
06/10/2020 08:00:00,397.82,396.17,1580,28.8,0
06/11/2020 08:00:00,398.18,396.52,1680,28.6,0
06/12/2020 08:00:00,397.46,395.83,1650,28,0.5
06/13/2020 08:00:00,397.71,396.05,1550,29.4,0
06/14/2020 08:00:00,397.22,395.66,1420,30.4,0
06/15/2020 08:00:00,397.15,395.57,1410,31.3,0
06/16/2020 08:00:00,397.68,395.96,1410,31.7,0
06/17/2020 08:00:00,397.2,395.65,1410,31.8,0
06/18/2020 08:00:00,396.85,395.31,1450,31.4,0
06/19/2020 08:00:00,397.13,395.54,1390,29.1,1.5
06/20/2020 08:00:00,397.09,395.49,1390,30.4,0
06/21/2020 08:00:00,396.93,395.36,1330,31.6,0
06/22/2020 08:00:00,396.85,395.31,1320,30.9,0
06/23/2020 08:00:00,396.95,395.4,1340,30.6,4.5
06/24/2020 08:00:00,397.68,395.96,1470,26.5,2
06/25/2020 08:00:00,397.42,395.8,1460,28.5,0
06/26/2020 08:00:00,397.63,396.08,1520,27.8,1.5
06/27/2020 08:00:00,397.27,395.72,1430,29.4,0
06/28/2020 08:00:00,397.2,395.59,1390,29,24.5
06/29/2020 08:00:00,397.09,395.57,1390,28.2,0
06/30/2020 08:00:00,396.61,395.06,1250,30,0
07/01/2020 08:00:00,396.78,395.14,1260,31.4,0
07/02/2020 08:00:00,396.79,395.25,1290,32,0
07/03/2020 08:00:00,396.89,395.36,1310,32.7,0
07/04/2020 08:00:00,396.96,395.36,1330,29.1,0
07/05/2020 08:00:00,397,395.42,1350,27.9,0
07/06/2020 08:00:00,396.74,395.25,1290,29.8,0
07/07/2020 08:00:00,396.22,394.59,1150,31.3,0
07/08/2020 08:00:00,396.11,394.52,1130,28.9,0.5
07/09/2020 08:00:00,396.49,394.86,1200,30.7,0
07/10/2020 08:00:00,396.72,395.16,1270,32.1,0
07/11/2020 08:00:00,396.17,394.51,1120,30.4,3.5
07/12/2020 08:00:00,395.84,394.19,1070,26.9,0
07/13/2020 08:00:00,395.64,393.95,1010,29.7,0
07/14/2020 08:00:00,395.46,393.78,970,31.4,0
07/15/2020 08:00:00,395.32,393.64,930,28.4,18.5
07/16/2020 08:00:00,395.7,394.06,1020,28.8,0
07/17/2020 08:00:00,395.48,393.76,964,29.9,0.5
07/18/2020 08:00:00,395.51,393.81,970,30.8,0
07/19/2020 08:00:00,395.32,393.58,922,27.9,28.5
07/20/2020 08:00:00,395.14,393.47,889,26.6,17.5
07/21/2020 08:00:00,395.41,393.81,953,22.8,10
07/22/2020 08:00:00,395.46,393.78,911,26.2,0
07/23/2020 08:00:00,395.32,393.64,808,28.2,0
07/24/2020 08:00:00,394.79,393.05,802,29.6,10
07/25/2020 08:00:00,394.71,392.96,805,27.1,2
07/26/2020 08:00:00,394.79,393.25,813,27.1,0
07/27/2020 08:00:00,394.73,393.01,805,29.3,0.5
07/28/2020 08:00:00,394.77,393.14,808,29.9,24.5
07/29/2020 08:00:00,394.92,393.2,847,27.9,9
07/30/2020 08:00:00,395.13,393.47,878,26.8,0
07/31/2020 08:00:00,394.88,393.14,824,27.7,12
08/01/2020 08:00:00,395.13,393.48,914,26.6,0.5
08/02/2020 08:00:00,394.92,393.2,853,28.7,0
08/03/2020 08:00:00,394.43,392.82,744,28.3,0.5
08/04/2020 08:00:00,394.32,392.54,718,27.9,0
08/05/2020 08:00:00,394.4,392.52,710,29.8,0
08/06/2020 08:00:00,394.3,392.52,708,30.4,0
08/07/2020 08:00:00,394.04,392.26,652,29.6,9
08/08/2020 08:00:00,394.22,392.51,700,27.5,20.5
08/09/2020 08:00:00,394.69,392.94,776,27,3
08/10/2020 08:00:00,394.79,393.05,760,27.4,38.5
08/11/2020 08:00:00,394.24,392.37,684,28.3,0
08/12/2020 08:00:00,393.88,392.05,608,30.2,7
08/13/2020 08:00:00,393.91,392.1,619,28.5,10.5
08/14/2020 08:00:00,393.99,392.13,630,27.1,0
08/15/2020 08:00:00,393.91,391.99,608,29,0
08/16/2020 08:00:00,393.78,391.95,592,29.6,1.5
08/17/2020 08:00:00,393.84,391.98,614,28.6,20
08/18/2020 08:00:00,393.91,391.99,625,28.2,60
08/19/2020 08:00:00,393.9,392.12,627,26.9,65.5
08/20/2020 08:00:00,394.16,392.4,702,24.2,2
08/21/2020 08:00:00,393.67,391.95,598,25.5,0
08/22/2020 08:00:00,393.57,391.67,553,27.1,0
08/23/2020 08:00:00,393.52,391.61,541,28.4,0
08/24/2020 08:00:00,393.71,391.84,582,28.7,41.5
08/25/2020 08:00:00,393.5,391.67,553,25.6,38.5
08/26/2020 08:00:00,394.59,392.83,779,24,36.5
08/27/2020 08:00:00,397.9,393.4,850,22.4,98.5
08/28/2020 08:00:00,396.97,395.61,1420,24.4,0
08/29/2020 08:00:00,396.4,394.91,1190,26.2,0
08/30/2020 08:00:00,395.28,393.45,897,26.8,13.5
08/31/2020 08:00:00,395.16,393.88,1010,24.1,27.5
09/01/2020 08:00:00,396.36,394.96,1220,22.8,18.5
09/02/2020 08:00:00,398.38,396.33,1600,25.9,0
09/03/2020 08:00:00,396.79,395.42,1350,26.1,49.5
09/04/2020 08:00:00,396.52,394.97,1240,23.3,11.5
09/05/2020 08:00:00,396.29,394.69,1180,25.5,0
09/06/2020 08:00:00,395.86,394.3,1070,26.6,14.5
09/07/2020 08:00:00,396.15,394.79,1190,25.1,0
09/08/2020 08:00:00,395.82,394.46,1070,26.4,0
09/09/2020 08:00:00,395.36,393.77,950,26.9,0
09/10/2020 08:00:00,394.98,393.25,858,27,0
09/11/2020 08:00:00,395.11,393.43,864,26.9,0
09/12/2020 08:00:00,394.62,392.95,781,27.6,0
09/13/2020 08:00:00,394.6,393.05,784,27.4,0
09/14/2020 08:00:00,394.51,392.73,742,27.4,0
09/15/2020 08:00:00,394.28,392.51,718,27.9,0
09/16/2020 08:00:00,394.23,392.53,694,27.4,0
09/17/2020 08:00:00,393.93,392.1,627,27.3,0
09/18/2020 08:00:00,393.74,391.84,587,27.2,0
09/19/2020 08:00:00,393.6,391.71,550,27.3,0
09/20/2020 08:00:00,393.62,391.69,562,26.7,0
09/21/2020 08:00:00,393.31,391.34,497,26.6,0
09/22/2020 08:00:00,392.99,390.95,429,26.6,0
09/23/2020 08:00:00,393.05,391.08,464,26.6,0
09/24/2020 08:00:00,392.97,390.86,426,26.7,0
09/25/2020 08:00:00,393.11,391.02,457,24.5,5.5
09/26/2020 08:00:00,392.77,390.74,385,23.6,0
09/27/2020 08:00:00,392.62,390.58,365,24.3,0
09/28/2020 08:00:00,392.44,390.19,326,24.4,0
09/29/2020 08:00:00,392.37,390.15,321,24.3,0
09/30/2020 08:00:00,392.3,389.85,302,24.4,0
10/01/2020 08:00:00,392.21,389.65,289,24.6,0
10/02/2020 08:00:00,392.29,389.74,302,24.5,0
10/03/2020 08:00:00,392.26,389.93,324,23.9,0
10/04/2020 08:00:00,392.07,389.29,255,24,0
10/05/2020 08:00:00,392.12,389.47,269,23.7,0
10/06/2020 08:00:00,392.01,389.27,255,23.5,0
10/07/2020 08:00:00,392.03,389.35,260,23.4,0
10/08/2020 08:00:00,392.02,389.31,257,23.8,0
10/09/2020 08:00:00,391.92,389.12,240,23.9,0
10/10/2020 08:00:00,391.97,389.19,244,24.1,0
10/11/2020 08:00:00,391.93,389.13,239,23.6,0
10/12/2020 08:00:00,391.85,388.98,224,23.7,0
10/13/2020 08:00:00,391.89,389.08,236,23.4,0
10/14/2020 08:00:00,391.87,389.04,231,23.3,0
10/15/2020 08:00:00,391.87,389.07,234,22.6,0
10/16/2020 08:00:00,391.74,388.77,209,22.6,0
10/17/2020 08:00:00,391.7,388.68,200,22.1,0
10/18/2020 08:00:00,391.81,388.93,223,22,0
10/19/2020 08:00:00,391.83,388.96,223,22.2,0
10/20/2020 08:00:00,391.77,388.88,217,21.3,0
10/21/2020 08:00:00,391.78,388.84,217,20.5,0
10/22/2020 08:00:00,391.81,389.01,221,20.8,0
10/23/2020 08:00:00,391.77,388.85,215,20.7,0
10/24/2020 08:00:00,391.74,388.78,208,20.4,0
10/25/2020 08:00:00,391.7,388.66,200,19.5,0
10/26/2020 08:00:00,391.49,388.34,173,20.1,0
10/27/2020 08:00:00,391.71,388.66,200,19.4,0
10/28/2020 08:00:00,391.64,388.62,192,19.1,0
10/29/2020 08:00:00,391.56,388.43,183,18.6,15
10/30/2020 08:00:00,391.65,388.63,194,18.8,0
10/31/2020 08:00:00,391.66,388.62,194,19,0
11/01/2020 08:00:00,391.61,388.53,186,19.7,0
11/02/2020 08:00:00,391.63,388.61,194,19.3,0
11/03/2020 08:00:00,391.54,388.44,182,18.8,0
11/04/2020 08:00:00,391.62,388.51,185,18.4,0
11/05/2020 08:00:00,391.57,388.47,183,18,0
11/06/2020 08:00:00,391.41,388.19,163,17.9,0
11/07/2020 08:00:00,391.51,388.32,176,18,0
11/08/2020 08:00:00,391.56,388.45,180,17.3,0
11/09/2020 08:00:00,391.37,388.1,158,16.9,0
11/10/2020 08:00:00,391.32,388.01,150,16.6,0
11/11/2020 08:00:00,391.51,388.38,176,17,0
11/12/2020 08:00:00,391.59,388.49,185,17,0
11/13/2020 08:00:00,391.53,388.44,180,16.6,0
11/14/2020 08:00:00,391.55,388.46,182,16.5,8.5
11/15/2020 08:00:00,391.76,388.79,194,12.6,7.5
11/16/2020 08:00:00,391.96,389.22,247,13.4,0
11/17/2020 08:00:00,392.07,389.46,273,14.1,0
11/18/2020 08:00:00,391.98,389.29,252,14.3,0
11/19/2020 08:00:00,391.69,388.7,200,13.1,7.5
11/20/2020 08:00:00,391.82,388.98,223,12.7,0
11/21/2020 08:00:00,391.68,388.67,197,12.5,0
11/22/2020 08:00:00,391.68,388.67,197,11.3,0
11/23/2020 08:00:00,391.64,388.59,191,12.1,4
11/24/2020 08:00:00,391.85,389.04,229,11.2,0.5
11/25/2020 08:00:00,391.78,388.84,211,11,9
11/26/2020 08:00:00,392.06,389.4,263,12.2,0
11/27/2020 08:00:00,391.91,389.19,242,13.8,0
11/28/2020 08:00:00,391.84,388.98,224,14.8,0
11/29/2020 08:00:00,391.75,388.8,211,14.8,0
11/30/2020 08:00:00,391.68,388.7,202,15.4,0
12/01/2020 08:00:00,391.64,388.63,194,15.8,0
12/02/2020 08:00:00,391.7,388.72,200,16.1,0
12/03/2020 08:00:00,391.73,388.8,211,15.8,0
12/04/2020 08:00:00,391.56,388.46,183,13.9,0
12/05/2020 08:00:00,391.66,388.66,202,15.8,0
12/06/2020 08:00:00,391.77,388.86,217,15.3,0
12/07/2020 08:00:00,391.62,388.6,215,14.3,1.5
12/08/2020 08:00:00,391.75,388.81,212,13.9,4.5
12/09/2020 08:00:00,392.17,389.57,276,14.7,0
12/10/2020 08:00:00,392.47,390.11,341,15,0
12/11/2020 08:00:00,392.24,389.71,296,11.9,15
12/12/2020 08:00:00,392.36,389.93,321,9.4,0
12/13/2020 08:00:00,392.62,390.4,340,10,0
12/14/2020 08:00:00,392.59,390.29,363,10.3,0
12/15/2020 08:00:00,392.27,389.7,293,8.4,0
12/16/2020 08:00:00,391.99,389.32,255,8.3,0
12/17/2020 08:00:00,392.05,389.43,266,9.1,0
12/18/2020 08:00:00,392,389.3,255,9.5,0
12/19/2020 08:00:00,391.75,388.71,202,10.1,0.5
12/20/2020 08:00:00,391.98,389.32,257,11.2,0
12/21/2020 08:00:00,391.69,388.66,199,13.1,0
12/22/2020 08:00:00,391.98,389.33,257,12.9,0
12/23/2020 08:00:00,391.65,388.61,194,11.9,0
12/24/2020 08:00:00,391.69,388.71,202,11.2,0
12/25/2020 08:00:00,391.68,388.66,199,10.8,0
12/26/2020 08:00:00,391.63,388.61,192,11.3,0
12/27/2020 08:00:00,391.43,388.25,163,7.9,7.5
12/28/2020 08:00:00,391.41,388.13,155,8.3,0
12/29/2020 08:00:00,391.64,388.62,197,8.7,0
12/30/2020 08:00:00,391.65,388.61,194,9.1,0
12/31/2020 08:00:00,391.6,388.49,183,10,0
01/01/2021 08:00:00,391.67,388.67,192,10.6,0
01/02/2021 08:00:00,391.45,388.26,170,10.7,0
01/03/2021 08:00:00,391.49,388.3,173,11.2,8.5
01/04/2021 08:00:00,391.48,388.33,171,12.5,31
01/05/2021 08:00:00,391.73,388.8,214,9.6,53
01/06/2021 08:00:00,393.53,391.56,553,11,0
01/07/2021 08:00:00,392.24,389.68,294,12.5,0
01/08/2021 08:00:00,392.02,389.36,278,10.8,0
01/09/2021 08:00:00,392,389.31,252,9.5,0
01/10/2021 08:00:00,391.96,389.27,258,12.4,0
01/11/2021 08:00:00,392.08,389.45,271,11.5,0
01/12/2021 08:00:00,392.04,389.39,255,10.4,0
01/13/2021 08:00:00,391.92,389.23,244,9.4,0
01/14/2021 08:00:00,391.95,389.22,252,8.2,0
01/15/2021 08:00:00,391.97,389.2,244,10.6,0
01/16/2021 08:00:00,391.92,389.16,242,11,0
01/17/2021 08:00:00,391.84,389,231,8.9,0
01/18/2021 08:00:00,391.74,388.69,199,11.4,0
01/19/2021 08:00:00,391.84,388.96,218,12.8,0
01/20/2021 08:00:00,391.95,389.24,247,13.1,0
01/21/2021 08:00:00,391.82,388.98,223,13.1,0
01/22/2021 08:00:00,391.57,388.44,179,11.9,0
01/23/2021 08:00:00,391.88,389.09,232,10.8,0
01/24/2021 08:00:00,391.88,389.08,231,10.4,0
01/25/2021 08:00:00,391.69,388.7,200,11.9,0
01/26/2021 08:00:00,391.9,389.12,236,11.4,0
01/27/2021 08:00:00,392.09,389.46,268,11.9,0
01/28/2021 08:00:00,392.03,389.36,258,11.7,0
01/29/2021 08:00:00,391.8,388.92,223,11.1,0
01/30/2021 08:00:00,391.67,388.63,194,11.8,0
01/31/2021 08:00:00,391.65,388.63,194,11.9,0
02/01/2021 08:00:00,391.53,388.37,174,13.9,0
02/02/2021 08:00:00,391.54,388.42,180,13.1,0
02/03/2021 08:00:00,391.75,388.84,212,13.4,0
02/04/2021 08:00:00,391.78,388.91,220,11.4,0
02/05/2021 08:00:00,391.56,388.5,186,10.6,0
02/06/2021 08:00:00,391.48,388.35,173,11.7,0
02/07/2021 08:00:00,391.49,388.33,171,13.3,0
02/08/2021 08:00:00,391.54,388.44,179,14.2,0
02/09/2021 08:00:00,391.92,389.19,244,14.4,0
02/10/2021 08:00:00,392.01,389.33,260,15.1,0
02/11/2021 08:00:00,391.97,389.29,255,16,0
02/12/2021 08:00:00,392.08,389.47,273,15.8,0
02/13/2021 08:00:00,391.82,388.97,229,14.9,0
02/14/2021 08:00:00,392.15,389.54,277,14.9,0
02/15/2021 08:00:00,392.1,389.51,273,15.5,0
02/16/2021 08:00:00,392.23,389.7,298,15.9,0
02/17/2021 08:00:00,392.1,389.44,268,16.4,0
02/18/2021 08:00:00,392.12,389.51,277,16.3,0
02/19/2021 08:00:00,392.32,389.84,313,16.4,0
02/20/2021 08:00:00,392.44,390.04,334,16.5,0
02/21/2021 08:00:00,392.29,389.83,311,16.9,0
02/22/2021 08:00:00,392.34,389.85,306,17.6,0
02/23/2021 08:00:00,392.26,389.78,304,19.1,0
02/24/2021 08:00:00,392.37,390.24,355,19,0
02/25/2021 08:00:00,392.41,390,328,20.2,0
02/26/2021 08:00:00,392.43,389.97,323,18.7,0
02/27/2021 08:00:00,392.78,390.49,383,14.4,0
02/28/2021 08:00:00,394.79,393.14,826,16.5,0
03/01/2021 08:00:00,393.9,392.21,600,17.2,0
03/02/2021 08:00:00,393.6,391.68,548,19.1,0
03/03/2021 08:00:00,393.37,391.63,509,18.2,0
03/04/2021 08:00:00,393.5,391.57,541,18.8,0
03/05/2021 08:00:00,393.31,391.17,497,20.1,0
03/06/2021 08:00:00,393.18,390.82,464,17.9,0
03/07/2021 08:00:00,393.45,391.15,512,20.5,0
03/08/2021 08:00:00,393.12,390.74,443,18,0
03/09/2021 08:00:00,393.36,391.06,502,20.7,0
03/10/2021 08:00:00,393.39,391.06,502,20.8,0
03/11/2021 08:00:00,393.06,390.64,426,16.4,33
03/12/2021 08:00:00,394.16,392.01,662,15,0.5
03/13/2021 08:00:00,394.88,392.87,842,18.1,0
03/14/2021 08:00:00,394.35,392.6,718,17.1,0
03/15/2021 08:00:00,394.29,392.45,700,19.7,0
03/16/2021 08:00:00,394.24,392.53,694,19.8,10
03/17/2021 08:00:00,394.05,392.24,646,20.9,0
03/18/2021 08:00:00,394.02,392.24,641,21.5,0
03/19/2021 08:00:00,394.08,392.36,657,22.3,0
03/20/2021 08:00:00,394.03,392.21,641,22,0
03/21/2021 08:00:00,393.99,392.11,627,18,10.5
03/22/2021 08:00:00,394.81,393.11,816,14.1,0
03/23/2021 08:00:00,395.66,394.11,1030,15.3,13
03/24/2021 08:00:00,397.81,396.36,1570,16.3,0
03/25/2021 08:00:00,397.06,395.68,1380,19.6,0
03/26/2021 08:00:00,396.2,394.71,1130,20.5,0
03/27/2021 08:00:00,395.8,394.23,1040,21.6,0
03/28/2021 08:00:00,395.86,394.38,1070,24.3,0
03/29/2021 08:00:00,395.9,394.43,1080,23.6,0
03/30/2021 08:00:00,398.76,397.2,1840,23.5,0
03/31/2021 08:00:00,397.27,395.75,1430,21.5,0
04/01/2021 08:00:00,396.7,395.16,1250,21.4,0
04/02/2021 08:00:00,396.32,394.76,1150,20.5,0
04/03/2021 08:00:00,396.2,394.64,1130,20.2,0
04/04/2021 08:00:00,395.62,394.04,1020,20.3,1
04/05/2021 08:00:00,395.38,393.79,1005,22.7,0
04/06/2021 08:00:00,395.61,393.97,984,20.2,26.5
04/07/2021 08:00:00,397.35,395.9,1430,18.2,0
04/08/2021 08:00:00,396.82,395.38,1300,20.7,0
04/09/2021 08:00:00,395.97,394.43,1110,21.7,0
04/10/2021 08:00:00,395.8,394.21,1040,23.3,0
04/11/2021 08:00:00,395.52,393.92,970,24.1,0
04/12/2021 08:00:00,395.49,393.84,967,24.7,0
04/13/2021 08:00:00,395.51,393.92,979,25.3,0
04/14/2021 08:00:00,395.47,393.81,959,25.9,4.5
04/15/2021 08:00:00,395.4,393.81,959,20.4,1.5
04/16/2021 08:00:00,395.73,394.15,1030,20,1
04/17/2021 08:00:00,396.54,394.92,1180,17.3,6
04/18/2021 08:00:00,396.93,395.43,1320,18.8,0
04/19/2021 08:00:00,396.99,395.5,1330,22,0
04/20/2021 08:00:00,396.35,394.82,1170,21.7,0.5
04/21/2021 08:00:00,396.19,394.65,1140,19.3,0.5
04/22/2021 08:00:00,395.99,394.51,1090,17.5,17.5
04/23/2021 08:00:00,397.09,395.69,1380,17.7,0.5
04/24/2021 08:00:00,396.65,395.05,1230,20.8,0
04/25/2021 08:00:00,396.05,394.46,1090,24.1,0
04/26/2021 08:00:00,396.21,394.68,1140,25.9,0
04/27/2021 08:00:00,396.37,394.83,1170,27.6,0
04/28/2021 08:00:00,396.55,395.01,1210,28.9,0
04/29/2021 08:00:00,397.18,395.65,1370,30.2,0
04/30/2021 08:00:00,397.01,395.54,1340,27.4,0
05/01/2021 08:00:00,397.06,395.61,1350,28.8,0
05/02/2021 08:00:00,397.2,395.65,1400,28,0
05/03/2021 08:00:00,397.8,396.25,1540,26.6,0
05/04/2021 08:00:00,398.03,396.24,1590,23.6,0
05/05/2021 08:00:00,398.16,396.63,1670,24.7,0
05/06/2021 08:00:00,398.22,396.67,1720,25.5,14.5
05/07/2021 08:00:00,397.86,396.23,1580,23.7,0
05/08/2021 08:00:00,397.55,395.99,1480,23.4,0
05/09/2021 08:00:00,397.49,395.91,1490,23.5,0
05/10/2021 08:00:00,397.82,396.24,1590,25.2,7.5
05/11/2021 08:00:00,398.38,396.74,1720,22.1,2
05/12/2021 08:00:00,398.15,396.61,1690,23.6,20
05/13/2021 08:00:00,398.18,396.56,1690,21.3,1.5
05/14/2021 08:00:00,397.26,395.75,1460,22.1,8
05/15/2021 08:00:00,397.46,395.85,1470,23.8,0.5
05/16/2021 08:00:00,397.13,395.53,1390,27.4,0
05/17/2021 08:00:00,396.86,395.2,1290,28.2,0
05/18/2021 08:00:00,397.31,395.75,1430,27.8,1
05/19/2021 08:00:00,397.17,395.65,1400,28.3,0
05/20/2021 08:00:00,397.43,395.92,1460,26.3,5
05/21/2021 08:00:00,398.06,396.58,1640,25.1,0
05/22/2021 08:00:00,397.46,396.01,1470,26.7,2
05/23/2021 08:00:00,396.94,395.45,1330,23.7,0
05/24/2021 08:00:00,396.85,395.37,1320,26.9,0
05/25/2021 08:00:00,396.45,394.92,1280,28.1,0
05/26/2021 08:00:00,396.36,394.78,1160,30.7,0
05/27/2021 08:00:00,396.56,395.06,1210,31.2,0
05/28/2021 08:00:00,396.97,395.44,1320,32.5,0
05/29/2021 08:00:00,397.77,396.22,1540,31.2,0
05/30/2021 08:00:00,397.85,396.33,1570,29.7,0
05/31/2021 08:00:00,398.13,396.6,1640,26.6,22
06/01/2021 08:00:00,398.15,396.66,1660,24.9,0
06/02/2021 08:00:00,397.81,396.26,1560,27.2,5
06/03/2021 08:00:00,397.8,396.3,1550,24.7,0
06/04/2021 08:00:00,398.56,397.05,1790,28,0
06/05/2021 08:00:00,397.91,396.45,1610,28.5,0
06/06/2021 08:00:00,399.17,397.59,1960,29.1,0
06/07/2021 08:00:00,399.34,397.77,2010,32.2,0
06/08/2021 08:00:00,399.18,397.63,1980,33.7,0
06/09/2021 08:00:00,399.54,397.99,2100,34.8,0
06/10/2021 08:00:00,399.21,397.66,2010,35.4,0
06/11/2021 08:00:00,400.26,398.41,2270,32.6,10.5
06/12/2021 08:00:00,399.8,398.25,2240,30.1,9
06/13/2021 08:00:00,398.79,397.3,1890,28.3,0
06/14/2021 08:00:00,399.27,397.65,2010,28.5,9
06/15/2021 08:00:00,398.43,396.94,1760,27.7,0
06/16/2021 08:00:00,397.94,396.45,1620,25.4,2
06/17/2021 08:00:00,397.34,395.92,1470,26.4,0
06/18/2021 08:00:00,397.03,395.58,1370,29.8,0.5
06/19/2021 08:00:00,396.68,395.2,1270,29.7,35.5
06/20/2021 08:00:00,396.8,395.32,1290,25.8,2
06/21/2021 08:00:00,397.19,395.79,1400,29.5,0
06/22/2021 08:00:00,397.05,395.43,1340,30.7,0
06/23/2021 08:00:00,396.66,395.15,1250,31.8,0
06/24/2021 08:00:00,396.57,395.03,1210,31.3,0
06/25/2021 08:00:00,396.22,394.72,1130,28.9,9.5
06/26/2021 08:00:00,396.74,395.19,1260,26.6,0
06/27/2021 08:00:00,396,394.44,1090,29.7,0
06/28/2021 08:00:00,396.25,394.75,1140,31.6,0
06/29/2021 08:00:00,396.3,394.78,1150,33,0
06/30/2021 08:00:00,396.5,395,1180,34.2,0
07/01/2021 08:00:00,396.79,395.29,1250,34.2,0
07/02/2021 08:00:00,396.7,395.17,1250,31.3,40.5
07/03/2021 08:00:00,396.38,394.88,1160,28,0
07/04/2021 08:00:00,396.24,394.72,1150,30.7,14.5
07/05/2021 08:00:00,396.15,394.65,1120,27.4,0.5
07/06/2021 08:00:00,395.85,394.3,1070,31.1,0
07/07/2021 08:00:00,395.65,394.11,1010,31.4,2
07/08/2021 08:00:00,396.05,394.53,1100,30.7,0
07/09/2021 08:00:00,395.95,394.43,1090,31.5,0
07/10/2021 08:00:00,396.37,394.84,1180,29.6,22.5
07/11/2021 08:00:00,396.45,394.94,1170,29,18.5
07/12/2021 08:00:00,397.7,396.24,1500,25.6,1.5
07/13/2021 08:00:00,397.4,395.92,1450,26.9,65
07/14/2021 08:00:00,397.05,395.53,1360,25.5,0
07/15/2021 08:00:00,396.35,394.81,1240,28.2,0
07/16/2021 08:00:00,395.9,394.38,1080,29.6,0
07/17/2021 08:00:00,396.11,394.61,1120,30.7,0
07/18/2021 08:00:00,396.32,394.82,1170,31.5,102
07/19/2021 08:00:00,396.84,395.38,1300,26.4,22.5
07/20/2021 08:00:00,397.25,395.78,1400,25,7
07/21/2021 08:00:00,396.86,395.36,1320,25,3
07/22/2021 08:00:00,397.75,396.2,1570,27.8,0
07/23/2021 08:00:00,397.02,395.52,1350,28.9,0
07/24/2021 08:00:00,396.56,395.01,1220,30.2,0
07/25/2021 08:00:00,396.6,395.02,1230,30,43.5
07/26/2021 08:00:00,396.68,395.14,1270,26.4,3
07/27/2021 08:00:00,396.7,395.12,1230,26,29.5
07/28/2021 08:00:00,397.86,396.26,1540,24.8,37.5
07/29/2021 08:00:00,396.78,395.25,1300,25.1,0
07/30/2021 08:00:00,396.73,395.22,1290,27,1.5
07/31/2021 08:00:00,396.84,395.23,1280,25.7,31.5
08/01/2021 08:00:00,396.95,395.27,1300,27.8,0
08/02/2021 08:00:00,397.31,395.83,1420,28,0
08/03/2021 08:00:00,396.8,395.25,1280,27.5,3.5
08/04/2021 08:00:00,396.37,394.79,1160,26.5,0
08/05/2021 08:00:00,396.27,394.65,1150,28.6,25
08/06/2021 08:00:00,396.65,395.11,1250,26.2,0
08/07/2021 08:00:00,396.2,394.58,1120,28.1,0
08/08/2021 08:00:00,395.67,393.96,990,27.6,0.5
08/09/2021 08:00:00,395.88,394.14,1030,27.3,0
08/10/2021 08:00:00,395.56,393.9,973,27.5,0
08/11/2021 08:00:00,395.28,393.55,905,27.7,0
08/12/2021 08:00:00,395.3,393.55,897,28.7,4.5
08/13/2021 08:00:00,394.9,393.18,816,27.6,0
08/14/2021 08:00:00,394.98,393.2,834,25.7,13.5
08/15/2021 08:00:00,394.89,393.14,805,24.6,1
08/16/2021 08:00:00,394.41,392.63,721,26.9,0
08/17/2021 08:00:00,394.05,392.24,630,27.9,0
08/18/2021 08:00:00,394.04,392.19,625,28.6,0
08/19/2021 08:00:00,393.97,392.09,606,29.3,0
08/20/2021 08:00:00,393.91,392.02,584,28.9,15
08/21/2021 08:00:00,394.23,392.35,665,26.3,0
08/22/2021 08:00:00,393.86,391.84,550,26.4,0
08/23/2021 08:00:00,393.51,391.71,524,27.8,0
08/24/2021 08:00:00,393.5,391.65,514,29.2,0
08/25/2021 08:00:00,393.28,391.48,478,29.7,0
08/26/2021 08:00:00,393.35,391.46,478,29.3,0
08/27/2021 08:00:00,393.35,391.4,469,29.4,10.5
08/28/2021 08:00:00,393.5,391.69,536,25.4,2
08/29/2021 08:00:00,393.2,391.23,448,25.1,5
08/30/2021 08:00:00,393.25,391.35,471,25.1,14
08/31/2021 08:00:00,393.15,390.96,424,25.1,0
09/01/2021 08:00:00,392.9,390.7,379,26.7,0
09/02/2021 08:00:00,392.8,390.58,365,27.2,0
09/03/2021 08:00:00,392.75,390.54,363,26.5,6.5
09/04/2021 08:00:00,392.8,390.61,369,25.6,0.5
09/05/2021 08:00:00,392.8,390.61,383,27.6,0
09/06/2021 08:00:00,392.55,390.45,365,28.6,0
09/07/2021 08:00:00,392.98,390.87,393,27.2,36
09/08/2021 08:00:00,393.01,390.91,429,24,1.5
09/09/2021 08:00:00,392.81,390.71,399,25.4,0
09/10/2021 08:00:00,392.69,390.59,379,25.3,0
09/11/2021 08:00:00,393.08,390.98,438,23.6,13
09/12/2021 08:00:00,394.14,392.07,611,24.9,0
09/13/2021 08:00:00,394.06,392.06,625,26.6,0
09/14/2021 08:00:00,393.72,391.52,519,27.2,0
09/15/2021 07:59:59,393.76,391.57,529,27.6,0
09/16/2021 07:59:59,393.77,391.52,524,27.9,0
09/17/2021 07:59:59,393.72,391.5,521,26.3,0
09/18/2021 07:59:59,393.87,391.63,550,26.6,0
09/19/2021 07:59:59,393.54,391.29,488,27.7,0
09/20/2021 07:59:59,393.44,391.23,478,26.9,12.5
09/21/2021 07:59:59,393.53,391.27,478,23.8,1
09/22/2021 07:59:59,393.24,391.01,434,25.6,12.5
09/23/2021 07:59:59,393.67,391.49,507,23.5,0
09/24/2021 07:59:59,393.3,391.02,438,25.9,0
09/25/2021 07:59:59,393.11,390.66,391,26.3,0.5
09/26/2021 07:59:59,393.22,390.9,419,26.6,0
09/27/2021 07:59:59,393.12,390.78,401,27.5,0
09/28/2021 07:59:59,393.03,390.6,379,27.8,0
09/29/2021 07:59:59,392.9,390.5,383,26.8,1
09/30/2021 07:59:59,393.07,390.67,395,26.2,0.5
10/01/2021 07:59:59,392.86,390.46,379,24.5,34.5
10/02/2021 07:59:59,392.88,390.48,377,24.2,0.5
10/03/2021 07:59:59,394.11,391.71,555,24.9,0
10/04/2021 07:59:59,393.01,390.61,387,25.7,0
10/05/2021 07:59:59,392.81,390.41,361,25.1,0
10/06/2021 07:59:59,392.78,390.38,355,24.8,0
10/07/2021 07:59:59,392.58,390.18,332,24.3,0
10/08/2021 07:59:59,392.58,390.18,326,24.4,0
10/09/2021 07:59:59,392.49,390.09,313,24.9,0
10/10/2021 07:59:59,392.36,389.96,300,23.5,13
10/11/2021 07:59:59,392.55,390.15,326,22.7,0
10/12/2021 07:59:59,392.8,390.4,357,24.3,0
10/13/2021 07:59:59,392.72,390.32,343,23.3,0
10/14/2021 07:59:59,392.51,390.11,309,23.8,0
10/15/2021 07:59:59,392.38,389.98,304,24.2,0
10/16/2021 07:59:59,392.46,390.06,315,23.8,2
10/17/2021 07:59:59,392.25,389.85,300,20.8,11.5
10/18/2021 07:59:59,392.28,389.88,291,21.2,0
10/19/2021 07:59:59,392.7,390.3,349,22.3,0
10/20/2021 07:59:59,392.36,389.96,304,22,0
10/21/2021 07:59:59,392.24,389.84,287,21.7,0
10/22/2021 07:59:59,392.34,389.94,302,20.3,15
10/23/2021 07:59:59,392.36,389.96,300,18.7,0
10/25/2021 07:59:59,393.38,390.98,436,16.5,29
10/26/2021 07:59:59,393.04,390.64,391,16.7,0
10/27/2021 07:59:59,393.39,390.99,426,18.2,0
10/28/2021 07:59:59,393.61,391.21,426,18.6,0
10/29/2021 07:59:59,393.42,391.02,436,18.5,0
10/30/2021 07:59:59,393.34,390.94,429,18.2,0
10/31/2021 07:59:59,393.44,391.04,443,18.4,0
11/01/2021 07:59:59,392.97,390.57,381,17.3,0
11/02/2021 07:59:59,392.92,390.55,369,17.7,0
11/03/2021 07:59:59,392.86,390.45,359,17.4,0
11/04/2021 07:59:59,392.73,390.22,334,17.2,0
11/05/2021 07:59:59,392.68,390.2,330,16.2,0
11/06/2021 07:59:59,392.74,390.3,351,19.6,0
11/07/2021 07:59:59,392.63,390.16,324,18.6,0
11/08/2021 07:59:59,392.51,390,304,17.9,0
11/09/2021 07:59:59,392.49,389.85,289,18,0
11/10/2021 07:59:59,392.45,389.85,291,17.8,0
11/11/2021 07:59:59,392.2,389.5,252,17.7,0
11/12/2021 07:59:59,392.3,389.62,265,17,0
11/13/2021 00:00:00,392.33,389.55,252,16.4,0
11/14/2021 07:59:59,392.29,389.49,250,15.7,0
11/15/2021 07:59:59,391.97,389.21,237,15.3,0
11/16/2021 07:59:59,391.91,388.93,220,14.9,0
11/17/2021 08:00:00,391.71,388.67,203,14.8,0
11/18/2021 08:00:00,392.07,389.24,257,15.6,0
11/19/2021 08:00:00,392.15,389.2,247,14.7,0
11/20/2021 08:00:00,391.7,388.75,197,14.8,0
11/21/2021 08:00:00,420.67,388.75,86.5,14.9,0
11/22/2021 08:00:00,426.54,386.52,202,15,0
11/23/2021 08:00:00,426.6,386.58,211,15,0
11/24/2021 08:00:00,426.75,386.58,211,14.7,0
11/25/2021 08:00:00,426.87,386.59,221,15.1,0
11/26/2021 08:00:00,426.74,386.44,211,14.4,0
11/27/2021 08:00:00,426.7,386.4,206,14.5,0
11/28/2021 08:00:00,426.7,386.39,205,14.6,0
11/29/2021 08:00:00,426.7,386.42,206,14.6,0
11/30/2021 08:00:00,426.58,386.34,197,14.2,0
12/01/2021 08:00:00,427.24,386.26,186,13.7,0
12/02/2021 08:00:00,429.92,385.85,146,14,0
12/03/2021 08:00:00,431.56,386.04,164,15.3,0
12/04/2021 08:00:00,432.26,386.16,176,15.9,0
12/05/2021 08:00:00,433.96,385.79,138,13.6,8
12/06/2021 08:00:00,435.63,385.85,147,13.7,0
12/07/2021 08:00:00,436.87,386.24,188,13.2,0
12/08/2021 08:00:00,437.44,386.27,191,13.9,0
12/09/2021 08:00:00,438.99,385.81,141,14,0
12/10/2021 08:00:00,440.26,385.87,146,13.7,0
12/11/2021 08:00:00,440.68,386.25,186,12.7,0
12/12/2021 08:00:00,440.63,385.78,154,11.5,0
12/13/2021 08:00:00,442.6,385.36,108,11.4,0
12/14/2021 08:00:00,444.4,385.42,112,9.5,0
12/15/2021 08:00:00,446.32,385.48,114,10.4,0
12/16/2021 08:00:00,446.56,386.1,171,8.6,0
12/17/2021 08:00:00,446.76,386.12,173,8.2,0
12/18/2021 08:00:00,447.59,385.71,133,8.9,0
12/19/2021 08:00:00,448.51,385.81,141,9.3,0
12/20/2021 08:00:00,448.55,386.17,183,10,0
12/21/2021 08:00:00,447.26,386.73,239,11.3,0
12/22/2021 08:00:00,446.42,386.27,192,11.6,0
12/23/2021 08:00:00,446.65,385.54,124,13.7,0
12/24/2021 08:00:00,446.61,386.01,163,12.7,0
12/25/2021 08:00:00,446.83,386.02,164,12.0041666666667,0
12/26/2021 08:00:00,446.55,386.05,163,10.1833333333333,0
12/27/2021 08:00:00,446.35,386.05,149,9.14583333333333,0.5
12/28/2021 08:00:00,446.65,385.87,150,10.4125,0.5
12/29/2021 08:00:00,446.85,385.87,150,11.4541666666667,0
12/30/2021 08:00:00,446.1,386.41,205,10.1833333333333,0
12/31/2021 08:00:00,445.17,386.37,200,11.0291666666667,0
01/01/2022 08:00:00,444.3,386.45,206.508224487305,9.75833333333333,0
01/02/2022 08:00:00,443.22,386.41,250.964050292969,12.6625,0
01/03/2022 08:00:00,442.48,386.34,169.2861328125,11.1625,3
01/04/2022 08:00:00,441.71,386.33,190.814025878906,9.65,25.5
01/05/2022 08:00:00,441.75,386.31,186.931915283203,8.40833333333333,25
01/06/2022 08:00:00,443.06,386.35,193.99153137207,9.55833333333333,13
01/07/2022 08:00:00,443.35,386.64,167.051162719727,9.47916666666667,85
01/08/2022 08:00:00,445.92,389.69,180.906143188477,8.8,0.5
01/09/2022 08:00:00,443.05,388.64,173.964950561523,10.0416666666667,0
01/10/2022 08:00:00,443.1,387.24,176.668395996094,9.29583333333333,0
01/11/2022 08:00:00,444.12,387.07,123.400337219238,11.2375,0
01/12/2022 08:00:00,444.41,387.35,135.964950561523,11.975,0.5
01/13/2022 08:00:00,444.91,387.36,139.964950561523,11.7375,0
01/14/2022 08:00:00,445.06,387.62,210.947372436523,11.1333333333333,0
01/15/2022 08:00:00,444.48,387.56,181.83984375,9.65416666666667,0
01/16/2022 08:00:00,444.04,387.49,162.195419311523,9.77083333333333,0
01/17/2022 08:00:00,443.34,387.47,154.644424438477,8.3375,0
01/18/2022 08:00:00,442.89,387.43,141,10.3208333333333,0
01/19/2022 08:00:00,442.47,387.34,150.515731811523,10.0041666666667,0.5
01/20/2022 08:00:00,442.32,387.31,141.552627563477,11.6375,0
01/21/2022 08:00:00,442.06,387.27,193,10.175,3
01/22/2022 08:00:00,442.05,387.1,145.141708374023,7.95,20.5
01/23/2022 08:00:00,442.55,387.61,142.323028564453,7.2875,10
01/24/2022 08:00:00,442.59,387.51,141.823028564453,9.80833333333334,0.5
01/25/2022 08:00:00,442.63,386.25,141.355575561523,10.4541666666667,2
01/26/2022 08:00:00,444.05,387.16,127.858291625977,10.425,0
01/27/2022 08:00:00,446.76,386.02,160.804580688477,10.6333333333333,0
01/28/2022 08:00:00,447.45,386.21,139.195419311523,10.7333333333333,0
01/29/2022 08:00:00,448.87,386.82,140.036895751953,12.025,0
01/30/2022 08:00:00,449.71,386.87,136.035537719727,12.4208333333333,0
01/31/2022 08:00:00,450.39,386.85,153.040252685547,11.9333333333333,0
02/01/2022 08:00:00,450.84,386.92,128.405548095703,13.0166666666667,0
02/02/2022 08:00:00,451.23,386.92,143.570098876953,10.0083333333333,7.5
02/03/2022 08:00:00,451.52,386.99,119.905548095703,8.95416666666667,0
02/04/2022 08:00:00,451.98,387,175.866638183594,9.825,0
02/05/2022 08:00:00,452.25,387.01,238.269424438477,10.5125,0
02/06/2022 08:00:00,452.37,387.05,219.168395996094,11.6083333333333,0.5
02/07/2022 08:00:00,451.84,387.27,870.738525390625,13.9583333333333,0
02/08/2022 08:00:00,451.68,387.29,376.1787109375,13.2208333333333,0
02/09/2022 08:00:00,451.52,387.24,273.296539306641,13.1666666666667,0
02/10/2022 08:00:00,451.85,386.93,220.5,11.8791666666667,0.5
02/11/2022 08:00:00,451.98,387.02,235.668395996094,13.5166666666667,0
02/12/2022 08:00:00,452.62,386.6,266.634704589844,13.2208333333333,0
02/13/2022 08:00:00,452.66,386.97,264.668395996094,13.25,0
02/14/2022 08:00:00,452.72,386.93,243.006561279297,12.9291666666667,0
02/15/2022 08:00:00,452.87,386.93,230.73193359375,13.9083333333333,0
02/16/2022 08:00:00,453.22,386.76,225.70344543457,14.6833333333333,0
02/17/2022 08:00:00,453.57,386.71,221.73193359375,14.6833333333333,0
02/18/2022 08:00:00,453.86,386.76,243.668395996094,15.7333333333333,0
02/19/2022 08:00:00,454.09,386.83,220.03369140625,15.15,0
02/20/2022 08:00:00,453.48,387.76,228.838165283203,15.9875,0
02/21/2022 08:00:00,452.47,387.55,224.124786376953,15.1791666666667,0
02/22/2022 08:00:00,451.43,387.47,227.103088378906,15.8,15.5
02/23/2022 08:00:00,450.74,387.37,245.521697998047,11.875,0
02/24/2022 08:00:00,451.03,387.45,284.959320068359,12.2083333333333,1.5
02/25/2022 08:00:00,449.9,388.22,324.518432617188,8.56666666666667,20
02/26/2022 08:00:00,449.59,388.37,337.518432617188,9.7125,3
02/27/2022 08:00:00,449.2,388.37,319.681304931641,12.2041666666667,0
02/28/2022 08:00:00,448.85,388.21,300.8740234375,13.4416666666667,0
03/01/2022 08:00:00,448.55,388.2,297.678588867188,14.9583333333333,0
03/02/2022 08:00:00,447.8,388.47,331.8740234375,16.3208333333333,0.5
03/03/2022 08:00:00,447.43,388.4,354.355590820313,12.4416666666667,1.5
03/04/2022 08:00:00,447.65,388.44,380,16.0541666666667,0
03/05/2022 08:00:00,447.95,388.45,419.481567382813,17.5791666666667,0
03/06/2022 08:00:00,447.76,388.08,362.518432617188,15.7625,32
03/07/2022 08:00:00,449.39,388.35,808.284057617188,14.9291666666667,0
03/08/2022 08:00:00,449.47,389.02,627.055358886719,18.1208333333333,0
03/09/2022 08:00:00,448.06,388.91,546.215515136719,18.0083333333333,0.5
03/10/2022 08:00:00,448.07,388.64,525.83984375,19.0458333333333,0
03/11/2022 08:00:00,447.93,388.66,505.5,19.8333333333333,0
03/12/2022 08:00:00,447.98,388.65,530.677001953125,20.3458333333333,0
03/13/2022 08:00:00,448.51,388.68,544.177001953125,22.0208333333333,0
03/14/2022 08:00:00,448.89,388.75,580.2861328125,22.6041666666667,0
03/15/2022 08:00:00,449.83,389.45,687.944641113281,25.4875,0
03/16/2022 08:00:00,449.83,389.45,760.37353515625,26.7708333333333,0
03/17/2022 08:00:00,450.02,389.41,814.5,26.8166666666667,0
03/18/2022 08:00:00,450.41,389.44,896.998352050781,24.2791666666667,8.5
03/19/2022 08:00:00,450.97,389.42,941.277587890625,24.1958333333333,0
03/20/2022 08:00:00,451.84,390.28,1187.27490234375,23.7041666666667,0
03/21/2022 08:00:00,449.95,390.13,968.392456054688,24.425,0
03/22/2022 08:00:00,449.45,389.88,914,24.525,0
03/23/2022 08:00:00,449.18,389.82,880.66015625,22.8166666666667,0
03/24/2022 08:00:00,448.98,389.83,855.855590820313,23.475,0
03/25/2022 08:00:00,449.3,389.75,822.162841796875,23.525,0
03/26/2022 08:00:00,448.87,389.7,788.355590820313,24.3833333333333,0
03/27/2022 08:00:00,448.74,389.73,808.837158203125,24.075,0
03/28/2022 08:00:00,448.64,389.68,810.674255371094,24.7,0
03/29/2022 08:00:00,448.76,389.67,826.481567382813,24.6416666666667,0
03/30/2022 08:00:00,448.85,389.76,825.141723632813,24.7666666666667,0
03/31/2022 08:00:00,448.64,389.77,790.5,26,1
04/01/2022 08:00:00,448.17,389.67,762.5,26.6666666666667,0
04/02/2022 08:00:00,448.62,389.67,786.658508300781,24.8041666666667,0
04/03/2022 08:00:00,449.22,389.76,782.807312011719,26.3041666666667,0
04/04/2022 08:00:00,449.2,389.92,762.195434570313,26.6583333333333,0
04/05/2022 08:00:00,448.56,389.79,723.162841796875,25.8875,0
04/06/2022 08:00:00,449.39,389.6,727.321411132813,26.725,0
04/07/2022 08:00:00,450.47,389.69,757.456604003906,27.4708333333333,0
04/08/2022 08:00:00,451.68,389.66,755.921325683594,27.9666666666667,0
04/09/2022 08:00:00,453.94,389.5,800.193481445313,29.4083333333333,0
04/10/2022 08:00:00,454.67,389.72,788,30.4916666666667,0
04/11/2022 08:00:00,454.08,389.64,741.543395996094,28.775,0
04/12/2022 08:00:00,454.3,389.59,732.5,28.1208333333333,2.5
04/13/2022 08:00:00,455.4,389.59,818.130004882813,26.9916666666667,0
04/14/2022 08:00:00,455.45,389.75,863.315002441406,26.6583333333333,0
04/15/2022 08:00:00,454.7,389.7,727.700744628906,26.1,0
04/16/2022 08:00:00,454.76,389.12,656.8779296875,26.9083333333333,0
04/17/2022 08:00:00,456.07,388.61,734.933349609375,28.1083333333333,0
04/18/2022 08:00:00,456.15,388.91,710.010498046875,28.8333333333333,0
04/19/2022 08:00:00,456.9,389.15,765,28.0916666666667,0
04/20/2022 08:00:00,456.65,389.25,781.684997558594,28.4208333333333,2.5
04/21/2022 08:00:00,456.36,389.21,784.804443359375,24.0291666666667,0.5
04/22/2022 08:00:00,455.8,389.16,767.261047363281,24.4083333333333,0
04/23/2022 08:00:00,455.82,389.12,741.565551757813,26.4875,0
04/24/2022 08:00:00,454.49,389.16,686.665466308594,28.1125,0
04/25/2022 08:00:00,453.13,389.05,674.660034179688,28.0208333333333,0
04/26/2022 08:00:00,455.07,388.67,691.696166992188,29.5,0
04/27/2022 08:00:00,456.72,388.84,684.010498046875,30.7291666666667,0
04/28/2022 08:00:00,457,388.95,729.434448242188,31.15,1
04/29/2022 08:00:00,457.4,389.11,836.391052246094,20.7666666666667,0
04/30/2022 08:00:00,456.97,389.07,831.5,31.4333333333333,0.5
05/01/2022 08:00:00,456.79,389.85,759.054992675781,31.7166666666667,0
05/02/2022 08:00:00,456.95,389.75,877.391052246094,30.8166666666667,2.5
05/03/2022 08:00:00,456.78,390.77,990.923950195313,27.3083333333333,0.5
05/04/2022 08:00:00,457.44,390.82,968.608947753906,23.0291666666667,18.5
05/05/2022 08:00:00,457.22,390.53,925,26.9708333333333,0
05/06/2022 08:00:00,457.14,390.67,792.804443359375,27.9625,0
05/07/2022 08:00:00,456.86,390.59,798.880554199219,28.6875,0
05/08/2022 08:00:00,457.12,390.63,776.184997558594,30.0541666666667,0
05/09/2022 08:00:00,457.79,390.88,974.553955078125,29.8916666666667,1
05/10/2022 08:00:00,457.2,391.34,969.446044921875,30.8583333333333,0
05/11/2022 08:00:00,457.83,390.95,954.119445800781,31.9791666666667,0
05/12/2022 08:00:00,457.97,391.25,1000.88055419922,32.425,0
05/13/2022 08:00:00,457.85,391.47,1015,33.7583333333333,0
05/14/2022 08:00:00,456.79,391.4,958.565551757813,34.4666666666667,0
05/15/2022 08:00:00,458.39,391.29,990.130004882813,34.05,0
05/16/2022 08:00:00,457.98,390.26,995.238952636719,34.0791666666667,0
05/17/2022 08:00:00,457.73,391.18,889.761047363281,29.0625,5
05/18/2022 08:00:00,457.17,391.17,815.2939453125,30.0125,0
05/19/2022 08:00:00,458.14,390.24,774.760009765625,29.0541666666667,10
05/20/2022 08:00:00,457.28,390.95,777.184997558594,26.3,1
05/21/2022 08:00:00,457.83,391.15,895.380554199219,29.5166666666667,0
05/22/2022 08:00:00,457.12,391.25,802.304443359375,28.35,0
05/23/2022 08:00:00,456.73,390.97,731.761047363281,26.0833333333333,0
05/24/2022 08:00:00,458.02,390.35,678.510498046875,24.8333333333333,0
05/25/2022 08:00:00,458.32,390.43,710.315002441406,27.4041666666667,0
05/26/2022 08:00:00,457.57,390.65,740.184997558594,29.6666666666667,0
05/27/2022 08:00:00,457.57,390.65,779.891052246094,30.1916666666667,2
05/28/2022 08:00:00,457.57,390.7,922.868896484375,29.6583333333333,0
05/29/2022 08:00:00,457.72,390.91,849.304443359375,28.3833333333333,1.5
05/30/2022 08:00:00,457.2,390.56,827.673400878906,29.7666666666667,0
05/31/2022 08:00:00,458,389.76,763.195556640625,29.0916666666667,0
06/01/2022 08:00:00,458.05,390.07,711.946044921875,30.625,0
06/02/2022 08:00:00,458.05,389.82,631.2939453125,32.4458333333333,0
06/03/2022 08:00:00,458.1,389.34,672.064453125,33.5125,0
06/04/2022 08:00:00,458.79,389.49,621.695556640625,33.925,0
06/05/2022 08:00:00,458.83,389.53,595.380554199219,34.1875,0
06/06/2022 08:00:00,459.52,389.39,626.510498046875,34.7666666666667,0
06/07/2022 08:00:00,460.18,389.61,656.619445800781,34.7583333333333,0
06/08/2022 08:00:00,460.56,389.61,647.5,34.6583333333333,0
06/09/2022 08:00:00,460.91,389.59,625.122741699219,34.475,0
06/10/2022 08:00:00,458.86,391.66,665.110046386719,34.6458333333333,0
06/11/2022 08:00:00,457.89,390.44,631.880554199219,34.3666666666667,0
06/12/2022 08:00:00,458.45,389.97,601.434448242188,32.7416666666667,6.5
06/13/2022 08:00:00,459.2,389.78,526.695556640625,32.8833333333333,0
06/14/2022 08:00:00,460.59,389.65,592.037841796875,34.875,0
06/15/2022 08:00:00,460.49,389.35,642,34.4833333333333,1.5
06/16/2022 08:00:00,461.14,390.15,629.705749511719,29.5916666666667,8.5
06/17/2022 08:00:00,460.92,390.43,676.705749511719,26.6416666666667,0
06/18/2022 08:00:00,460.98,390.49,671.377258300781,24.2541666666667,31.5
06/19/2022 08:00:00,460.7,390.49,737.834838867188,23.2125,12
06/20/2022 08:00:00,460.94,390.21,683.786010742188,23.5083333333333,29
06/21/2022 08:00:00,460.23,389.7,651.286010742188,21,49.5
06/22/2022 08:00:00,460.78,393.11,1285,24.3583333333333,0
06/23/2022 08:00:00,460.5,393.28,1383.08215332031,27.7333333333333,0
06/24/2022 08:00:00,461.18,392.57,1145.82849121094,29.5958333333333,0
06/25/2022 08:00:00,461.34,392.6,987.286010742188,31.3333333333333,0
06/26/2022 08:00:00,460.19,392.61,1164.11950683594,32.1958333333333,0
06/27/2022 08:00:00,460.57,392.52,1157.5830078125,32.8541666666667,0
06/28/2022 08:00:00,459.79,392.59,1137.6416015625,33.4958333333333,0
06/29/2022 08:00:00,459.53,392.6,1071.76110839844,33.1166666666667,0
06/30/2022 08:00:00,460.14,392.07,1105.51049804687,29.9666666666667,0
07/01/2022 08:00:00,460.7,392.23,1169.28601074219,26.1833333333333,0
07/02/2022 08:00:00,460.36,392.92,1138.29699707031,28.6583333333333,0
07/03/2022 08:00:00,460.04,392.24,1093.19555664062,28.425,0
07/04/2022 08:00:00,459.98,392.55,1187.31494140625,29.5583333333333,0
07/05/2022 08:00:00,459.55,392.13,1033.23889160156,26.35,0
07/06/2022 08:00:00,459.16,392.84,1043.97900390625,27.0208333333333,0
07/07/2022 08:00:00,459.4,391.82,990.934448242188,30.125,0
07/08/2022 08:00:00,460.14,391.59,926.5,30.0458333333333,0
07/09/2022 08:00:00,460.39,391.42,934.489013671875,26.7166666666667,0
07/10/2022 08:00:00,460.06,391.5,921.076049804688,26.6791666666667,0
07/11/2022 08:00:00,460.5,391.14,957.120849609375,26.2583333333333,0
07/12/2022 08:00:00,459.39,391.25,804.804443359375,27.0291666666667,0
07/13/2022 08:00:00,459.06,390.88,754.576049804688,25.5791666666667,0
07/14/2022 08:00:00,459.52,390.98,786.695556640625,24.6916666666667,0
07/15/2022 08:00:00,459.52,390.98,748.665161132813,27.0625,0
07/16/2022 08:00:00,459.38,390.99,732.304443359375,28.6583333333333,0
07/17/2022 08:00:00,459.43,390.51,681,26.2958333333333,0
07/18/2022 08:00:00,459.67,390.6,673.883239746094,29.3583333333333,0
07/19/2022 08:00:00,459.87,390.54,690.119445800781,30.6708333333333,0
07/20/2022 08:00:00,460.28,390.54,753.960266113281,25.8875,0
07/21/2022 08:00:00,460.13,390.88,734.122741699219,23.9,0
07/22/2022 08:00:00,460.36,390.71,680,26.7708333333333,0
07/23/2022 08:00:00,459.3,390.61,651,26.7583333333333,0
07/24/2022 08:00:00,460.45,390.24,790.498168945313,26.8208333333333,6
07/25/2022 08:00:00,459.89,390.82,712.304443359375,25.1125,3.5
07/26/2022 08:00:00,460.14,390.64,762.699768066406,26.6666666666667,73.5
07/27/2022 08:00:00,459.09,390.24,719.2060546875,25.4375,0
07/28/2022 08:00:00,460.5,392.57,1094.48901367187,24.5375,34
07/29/2022 08:00:00,460.56,392.7,1115.87731933594,24.675,33.5
07/30/2022 08:00:00,459.67,392.01,999,27.1125,31.5
07/31/2022 08:00:00,460.34,391.18,957.415161132813,26.0541666666667,7.5
08/01/2022 08:00:00,460.5,392.77,1286.75451660156,25.2333333333333,0
08/02/2022 08:00:00,459.92,392.95,1094.85949707031,27.2166666666667,0
08/03/2022 08:00:00,460.25,391.87,962.5,28.5166666666667,0
08/04/2022 08:00:00,460.19,391.49,913.205749511719,28.9791666666667,31
08/05/2022 08:00:00,460.22,391.99,916.539733886719,26.15,0
08/06/2022 08:00:00,459.86,391.64,836.108947753906,27.7416666666667,35
08/07/2022 08:00:00,460.02,391.35,837,27.7458333333333,23.5
08/08/2022 08:00:00,459.89,391.25,821.761047363281,27.9458333333333,0
08/09/2022 08:00:00,459.87,390.74,756.315002441406,29.6041666666667,0
08/10/2022 08:00:00,459.71,390.81,705.304443359375,30.3375,0
08/11/2022 08:00:00,459.78,390.49,691.315002441406,25.6875,3
08/12/2022 08:00:00,459.91,390.69,665.565551757813,29.1541666666667,0
08/13/2022 08:00:00,460.23,390.67,777.460266113281,29.2708333333333,0
08/14/2022 08:00:00,459.86,390.52,658.880554199219,28.9333333333333,43
08/15/2022 08:00:00,460.02,390.63,789.630004882813,24.325,1.5
08/16/2022 08:00:00,460.14,390.76,695.745422363281,27.4125,22
08/17/2022 08:00:00,460.11,391.01,853.749450683594,25.95,0
08/18/2022 08:00:00,460.24,390.68,826.457580566406,20.5125,0
08/19/2022 08:00:00,459.64,390.42,645.421203613281,28.8833333333333,0
08/20/2022 08:00:00,459.74,390.22,551.184997558594,26.65,5.5
08/21/2022 08:00:00,460.47,391.54,773.084838867188,26.9083333333333,0
08/22/2022 08:00:00,459.78,390.34,658.195556640625,28.225,0
08/23/2022 08:00:00,459.84,390.56,637.684997558594,29.0416666666667,20
08/24/2022 08:00:00,460.02,390.46,754.249450683594,23.4291666666667,30
08/25/2022 08:00:00,460.25,390.42,1640,24.5,3
08/26/2022 08:00:00,460.4,392.98,1674,25,0
08/27/2022 08:00:00,460.04,392.93,1653,26.8708333333333,0
08/28/2022 08:00:00,460.63,392.3,1031.54248046875,26.55,0
08/29/2022 08:00:00,460.55,391.8,938.5830078125,27.3375,0
08/30/2022 08:00:00,459.99,391.64,860.119445800781,28.05,0
08/31/2022 08:00:00,460.01,391.37,756.184997558594,28.1666666666667,0
09/01/2022 08:00:00,459.94,391.09,738.619445800781,28.4708333333333,0
09/02/2022 08:00:00,459.96,390.71,705.510498046875,28.1541666666667,0
09/03/2022 08:00:00,460.11,390.68,688.192260742188,27.6916666666667,37
09/04/2022 08:00:00,460.11,390.77,665,24.5166666666667,5
09/05/2022 08:00:00,459.86,390.8,650.619445800781,23.7291666666667,1.5
09/06/2022 08:00:00,460.13,390.36,588.751831054688,25.8791666666667,0
09/07/2022 08:00:00,460.29,390.35,556,27.2,0
09/08/2022 08:00:00,460.29,390.38,535.294250488281,28.2458333333333,0
09/09/2022 08:00:00,460.29,390.38,478,28.4291666666667,1
09/10/2022 08:00:00,460.62,389.86,525.408752441406,23.8875,15
09/11/2022 08:00:00,460.51,389.95,474,22.7,25.5
09/12/2022 08:00:00,460.17,390.67,549.165161132813,25.1041666666667,0
09/13/2022 08:00:00,460.2,389.97,528.5830078125,26.2833333333333,0
09/14/2022 08:00:00,460.33,389.67,456.705718994141,26.625,0
09/15/2022 08:00:00,460.21,389.64,470.629119873047,26.85,18
09/16/2022 08:00:00,460.26,389.73,443.325744628906,25.4166666666667,2
09/17/2022 08:00:00,460.34,389.64,418,24.7333333333333,0
09/18/2022 08:00:00,460.38,389.59,408,25.4,0
09/19/2022 08:00:00,460.47,389.37,388.828460693359,26.075,0
09/20/2022 08:00:00,460.48,389.6,363.419708251953,26.5125,0
09/21/2022 08:00:00,460.61,389.32,350.171539306641,26.2208333333333,0
09/22/2022 08:00:00,460.19,389.12,355.877288818359,27.0083333333333,17
09/23/2022 08:00:00,460.35,389.09,379.580291748047,25.0625,0
09/24/2022 08:00:00,460.35,389.12,351.874572753906,24.0333333333333,11.5
09/25/2022 08:00:00,460.18,389.16,370.254547119141,23.65,0.5
09/26/2022 08:00:00,460.47,389.21,349,24.275,0
09/27/2022 08:00:00,460.21,389.41,334.419708251953,24.9791666666667,0
09/28/2022 08:00:00,460.09,388.98,279.296997070313,25.7,0
09/29/2022 08:00:00,460.12,388.86,327.705718994141,25.2583333333333,0
09/30/2022 08:00:00,460.16,388.77,224.542419433594,25.7041666666667,0
10/01/2022 08:00:00,460.3,388.67,289.874572753906,25.6333333333333,7
10/02/2022 08:00:00,460.35,389.24,304.419708251953,24.75,0
10/03/2022 08:00:00,460.69,388.67,273,24.55,0
10/04/2022 08:00:00,460.28,388.52,334.286010742188,24.6791666666667,0
10/05/2022 08:00:00,460.45,388.66,321.080291748047,24.1208333333333,0
10/06/2022 08:00:00,460.46,388.56,290.705718994141,23.6458333333333,0
10/07/2022 08:00:00,460.46,388.56,249,23.9041666666667,0
10/08/2022 08:00:00,460.54,388.43,212.79426574707,23.0625,0
10/09/2022 08:00:00,460.48,388.39,240,23.1041666666667,0
10/10/2022 08:00:00,460.43,388.61,217.870880126953,22.8541666666667,0
10/11/2022 08:00:00,460.52,388.19,234.82844543457,20.6375,14.5
10/12/2022 08:00:00,460.72,388.02,219.82844543457,20.0375,0
10/13/2022 08:00:00,460.81,388.29,219,21.3125,0
10/14/2022 08:00:00,460.94,388.02,219.82844543457,21.9791666666667,0
10/15/2022 08:00:00,460.97,388.02,208.5,21.9083333333333,0
10/16/2022 08:00:00,460.96,388.02,230.5,22.4333333333333,0
10/17/2022 08:00:00,460.95,388.22,240.251846313477,21.9791666666667,0
10/18/2022 08:00:00,460.95,387.92,178.17155456543,21.0166666666667,0
10/19/2022 08:00:00,460.93,388.25,226,20.3916666666667,8.5
10/20/2022 08:00:00,460.96,388.26,230.87727355957,16.3416666666667,0
10/21/2022 08:00:00,460.95,388.52,239.12272644043,19.3375,0
10/22/2022 08:00:00,460.93,388.38,238.5,19.7375,0.5
10/23/2022 08:00:00,460.96,388.22,222.5,19.6375,0
10/24/2022 08:00:00,461.08,388.24,223.5,19.7333333333333,0.5
10/25/2022 08:00:00,461.05,388.02,231.37727355957,19.7166666666667,0
10/26/2022 08:00:00,461.11,388.08,208,19.9416666666667,0
10/27/2022 08:00:00,461.06,388.21,217.5,20.1875,0
10/28/2022 08:00:00,461,388,212,20.0875,8
10/29/2022 08:00:00,461.03,388.06,219,19.5875,0
10/30/2022 08:00:00,461.09,388.06,204,20.025,0
10/31/2022 08:00:00,461.13,388.06,235,19.3458333333333,0
11/01/2022 08:00:00,461.1,387.87,183,21.3958333333333,0
11/02/2022 08:00:00,461.04,387.82,222,21.2416666666667,0
11/03/2022 08:00:00,461.07,387.83,195.8772736,20.2083333333333,0
11/04/2022 08:00:00,461.1,388.52,182.625427246094,19.6791666666667,0
11/05/2022 08:00:00,461.05,387.7,167.5,18.8833333333333,19.5
11/06/2022 08:00:00,461.02,388.04,228.70573425293,16.3791666666667,14.5
11/07/2022 08:00:00,461.16,388.63,305,15.8541666666667,0
11/08/2022 08:00:00,461.03,388.9,366.457580566406,16.3166666666667,0
11/09/2022 08:00:00,461.01,388.81,310.877288818359,14.7666666666667,2
11/10/2022 08:00:00,461.04,388.83,279.122711181641,15.8208333333333,0
11/11/2022 08:00:00,461.14,389.2,359.377288818359,16.6708333333333,0
11/12/2022 08:00:00,461.12,388.79,293.5,16.1125,0
11/13/2022 08:00:00,460.98,388.81,291,14.525,3
11/14/2022 08:00:00,460.96,388.81,296,12.2166666666667,10.5
11/15/2022 08:00:00,460.96,389.35,366.122711181641,14.3291666666667,0
11/16/2022 08:00:00,461.13,389.01,355.203002929688,13.2291666666667,0
11/17/2022 08:00:00,461.13,388.62,322.580291748047,14.9583333333333,0
11/18/2022 08:00:00,460.97,388.68,277.5,14.5625,0
11/19/2022 08:00:00,460.99,388.68,255.12272644043,14.8666666666667,0
11/20/2022 08:00:00,461.12,388.64,241.296981811523,15.4041666666667,0
11/21/2022 08:00:00,460.98,388.68,260,15.0833333333333,0.5
11/22/2022 08:00:00,460.92,388.48,257,15.15,0
11/23/2022 08:00:00,460.99,388.52,202.4169921875,14.75,0
11/24/2022 08:00:00,461,388.52,207.62272644043,15.3625,0
11/25/2022 08:00:00,460.84,388.52,214.87727355957,15,0
11/26/2022 08:00:00,460.82,388.4,244,14.5583333333333,0
11/27/2022 08:00:00,460.83,388.4,204.12272644043,14.4791666666667,0
11/28/2022 08:00:00,460.94,388.29,233,14.4666666666667,0
11/29/2022 08:00:00,460.91,388.19,236,14.4583333333333,0
11/30/2022 08:00:00,460.88,388.12,217,14.3041666666667,0
12/01/2022 08:00:00,460.89,387.9,224,14.4583333333333,0
12/02/2022 08:00:00,460.95,388.08,225.82844543457,13.8583333333333,0
12/03/2022 08:00:00,460.93,387.94,212.874572753906,13.7666666666667,0
12/04/2022 08:00:00,460.88,388.06,190.12272644043,13.85,0
12/05/2022 08:00:00,460.9,387.81,197,13.4583333333333,0
12/06/2022 08:00:00,460.88,388.04,210.5,13.3916666666667,0
12/07/2022 08:00:00,461.04,387.74,203.82844543457,13.5,0
12/08/2022 08:00:00,460.9,387.86,186,12.8666666666667,0
12/09/2022 08:00:00,460.84,387.84,176.17155456543,15.1333333333333,0
12/10/2022 08:00:00,460.94,387.75,177,15.6041666666667,0
12/11/2022 08:00:00,460.87,387.88,205.825744628906,14.7958333333333,0
12/12/2022 08:00:00,460.87,387.88,185.748153686523,13.8666666666667,0
12/13/2022 08:00:00,460.93,387.93,180,14.1291666666667,0
12/14/2022 08:00:00,460.9,387.61,172,13.025,0
12/15/2022 08:00:00,460.67,387.53,181.87727355957,13.0875,0
12/16/2022 08:00:00,460.79,387.67,165.67155456543,13.3083333333333,0
12/17/2022 08:00:00,460.84,387.62,192.37727355957,13.2375,0
12/18/2022 08:00:00,460.8,387.64,175,12.775,0
12/19/2022 08:00:00,460.97,387.66,191,12.2541666666667,0
12/20/2022 08:00:00,460.96,387.66,173,12.2458333333333,0
12/21/2022 08:00:00,461.03,387.95,184,11.7791666666667,0
12/22/2022 08:00:00,460.95,387.59,166,11.1083333333333,0
12/23/2022 08:00:00,460.95,387.46,154,9.3125,0
12/24/2022 08:00:00,460.65,387.44,137.62272644043,9.72083333333333,0
12/25/2022 08:00:00,460.65,387.45,122.294273376465,9.94166666666666,0
12/26/2022 08:00:00,460.65,387.42,154,11.1625,0
12/27/2022 08:00:00,460.66,387.48,123.296981811523,11.8208333333333,0
12/28/2022 08:00:00,460.44,387.45,139.12272644043,11.6166666666667,0
12/29/2022 08:00:00,460.34,387.42,121.294273376465,9.125,8.5
12/30/2022 08:00:00,460.28,387.42,137.12272644043,11.1416666666667,0
12/31/2022 08:00:00,460.46,387.37,150,12.3117647058824,0
01/01/2023 08:00:00,460.56,388.15,134.12272644043,6.3,0
01/02/2023 08:00:00,460.65,388.1,134.17155456543,5.7,0
01/03/2023 08:00:00,460.71,388.07,134.17155456543,5.4,0
01/04/2023 08:00:00,460.68,388.02,135.17155456543,4.9,0
01/05/2023 08:00:00,460.64,388.08,118.796981811523,5.8,0
01/06/2023 08:00:00,460.59,388.06,118.245445251465,4.8,0
01/07/2023 08:00:00,460.52,388.01,135.12272644043,9.3,0
01/08/2023 08:00:00,460.68,388.08,120.245445251465,10.7,0
01/09/2023 08:00:00,460.64,388.06,111.599998474121,11.5,0
01/10/2023 08:00:00,460.64,388.15,106.4169921875,9.6,0
01/11/2023 08:00:00,460.59,388.1,154.5,10.6,15
01/12/2023 08:00:00,460.52,388.19,151.919708251953,8.4,0.5
01/13/2023 08:00:00,460.56,388.15,158.336700439453,7.5,0
01/14/2023 08:00:00,460.65,388.1,153.79426574707,5,0
01/15/2023 08:00:00,460.86,388.07,178.29426574707,5.7,0.5
01/16/2023 08:00:00,460.98,388.21,167.12272644043,5.2,0
01/17/2023 08:00:00,460.94,388.19,160.53971862793,4.7,0
01/18/2023 08:00:00,460.82,388.22,150.248153686523,5.1,0
01/19/2023 08:00:00,460.77,388.04,150.12272644043,6.7,0
01/20/2023 08:00:00,460.74,388.09,169.29426574707,8.1,0.5
01/21/2023 08:00:00,460.81,388.01,155.24543762207,8.1,1.5
01/22/2023 08:00:00,460.56,388.15,168.213973999023,8.9,0
01/23/2023 08:00:00,460.65,388.1,226.757568359375,6.8,0
01/24/2023 08:00:00,460.71,388.07,183.11946105957,7.7,3.5
01/25/2023 08:00:00,460.15,388.02,123.745445251465,8.8,4
01/26/2023 08:00:00,460.77,388.08,170.82844543457,4.5,0
01/27/2023 08:00:00,460.83,388.06,201.5,7.7,0
01/28/2023 08:00:00,460.93,388.01,166.12272644043,8.7,0
01/29/2023 08:00:00,460.86,388.25,179.12272644043,9.3,37.5
01/30/2023 08:00:00,460.68,388.4,236.24543762207,7.1,7
01/31/2023 08:00:00,460.9,388.19,228.62272644043,7.9,0
02/01/2023 08:00:00,460.92,388.22,231.674255371094,9.9,0
02/02/2023 08:00:00,461,388.04,260.5,15.4,0
02/03/2023 08:00:00,460.24,388.09,236.24543762207,12.5,0
02/04/2023 08:00:00,460.41,388.01,229.296981811523,14.7,0
02/05/2023 08:00:00,460.62,388.15,302.460296630859,11.4,3
02/06/2023 08:00:00,461.19,388.1,269.703002929688,10.9,0
02/07/2023 08:00:00,460.59,388.07,283.959411621094,10.6,0
02/08/2023 08:00:00,459.83,388.01,274.761077880859,9.4,0
02/09/2023 08:00:00,460.35,388.67,284.377288818359,15,5
02/10/2023 08:00:00,461.03,388.65,314.580291748047,10.9,0
02/11/2023 08:00:00,459.49,388.62,287.763793945313,9,0
02/12/2023 08:00:00,459.3,388.63,324.380523681641,9.5,0
02/13/2023 08:00:00,457.68,388.67,231.315002441406,6.3,0
02/14/2023 08:00:00,460.5,388.63,323.580291748047,9,0
02/15/2023 08:00:00,460.48,388.76,303.374572753906,14.3,0
02/16/2023 08:00:00,460.39,388.97,301,14.9,0
02/17/2023 08:00:00,460.4,388.86,305.419708251953,14.3,0
02/18/2023 08:00:00,460.49,389.02,328.828460693359,13.5,0
02/19/2023 08:00:00,460.44,389.08,350.713989257813,14.9,0
02/20/2023 08:00:00,460.57,389.11,360.633666992188,14,2.5
02/21/2023 08:00:00,460.36,389.67,454.286010742188,15.6,0
02/22/2023 08:00:00,460.51,390.25,474.713989257813,12.1,0
02/23/2023 08:00:00,460.26,390.12,416.510955810547,17,0
02/24/2023 08:00:00,460.47,389.9,428.125427246094,13.1,0
02/25/2023 07:59:59,460.51,389.61,474.754547119141,13.2,1
02/26/2023 07:59:59,459.91,389.56,493.380523681641,17,0.5
02/27/2023 07:59:59,459.97,389.85,472.804473876953,14.6,0
02/28/2023 08:00:00,458.95,389.15,418.684997558594,13.9,1.5
03/01/2023 08:00:00,459.06,389.61,417,13.9,0
03/02/2023 07:59:59,460.24,389.55,419,14.8,7
03/03/2023 07:59:59,460.41,389.91,475,14,0
03/04/2023 07:59:59,460.43,389.59,485,14.6,0
03/05/2023 07:59:59,460.3,389.33,474,16.1,0
03/06/2023 07:59:59,460.61,389.18,469.870880126953,14.3,0
03/07/2023 07:59:59,460.16,388.99,444.5830078125,15.2,0
03/08/2023 07:59:59,460.2,388.91,419,16.3,0
03/09/2023 07:59:59,460.32,388.87,422,15.1,0
03/10/2023 07:59:59,460.34,388.86,450,15.7,0
03/11/2023 07:59:59,460.25,388.86,467,17.1,0
03/12/2023 07:59:59,460.31,388.89,498,17.4,0
03/13/2023 07:59:59,460.23,388.9,522,17.4,0
03/14/2023 07:59:59,460.27,388.85,534,17.3,0
03/15/2023 07:59:59,460.15,388.86,524,17.6,0
03/16/2023 07:59:59,460.32,388.92,538,12.5,0
03/17/2023 07:59:59,460.19,388.86,585,13.6,0
03/18/2023 07:59:59,460.25,388.81,536,14.6,0
03/19/2023 07:59:59,460.17,388.77,496,13.8,10.5
03/20/2023 07:59:59,460.3,388.77,566,15,6
03/21/2023 07:59:59,460.36,388.83,516,12.5,1
03/22/2023 07:59:59,460.23,388.67,518,15.5,6
03/23/2023 07:59:59,460.18,389.72,468,14.5,0
03/24/2023 07:59:59,460.32,389.94,480,14.5,0
03/25/2023 07:59:59,460.63,389.34,524,11.5,19
03/26/2023 07:59:59,460.47,389.93,485,15.2,4.5
03/27/2023 07:59:59,460.24,389.91,398,14.7,5
03/28/2023 07:59:59,460.15,389.63,455,16.1,0
03/29/2023 07:59:59,460.31,389.58,421,17.5,0
03/30/2023 07:59:59,460.3,390.04,480,15.2,0
03/31/2023 07:59:59,460.25,389.9,454,14.7,2.5
04/01/2023 08:00:00,460.27,389.08,447.328460693359,15.7,3
04/02/2023 08:00:00,460.32,388.94,531.540588378906,17.7,0
04/03/2023 08:00:00,460.34,390.33,534.4169921875,17.6,1
04/04/2023 08:00:00,460.43,390.7,638.122741699219,17.7,10
04/05/2023 08:00:00,460.41,390.28,564,20,0
04/06/2023 08:00:00,460.73,390.35,590,19.8,2
04/07/2023 08:00:00,460.6,390.16,561,22.2,0
04/08/2023 08:00:00,460.57,389.99,569.960266113281,22.8,0
04/09/2023 08:00:00,460.39,390.33,527.9169921875,23.1,0
04/10/2023 08:00:00,460.24,389.99,538,23.7,0
04/11/2023 08:00:00,460.05,389.92,520,24.8,0
04/12/2023 08:00:00,460.18,390.04,548,26.1,0
04/13/2023 08:00:00,460.27,390.5,581,26.6,0
04/14/2023 08:00:00,460.38,390.51,625,27.2,0
04/15/2023 08:00:00,460.53,390.61,673,28,0
04/16/2023 08:00:00,460.72,391.05,734,25.9,0
04/17/2023 08:00:00,460.74,391.56,853,27.7,0
04/18/2023 08:00:00,460.84,390.87,816,25.8,6.5
04/19/2023 08:00:00,460.98,393.44,1230,20.8,2
04/20/2023 08:00:00,460.92,393.26,1280,20.6,4.5
04/21/2023 08:00:00,460.91,393.26,1310,18.7,9.5
04/22/2023 08:00:00,460.39,392.34,1120,19.6,0
04/23/2023 08:00:00,460.36,393.12,1050,22.3,0
04/24/2023 08:00:00,460.86,392.82,1014,24.1,0
04/25/2023 08:00:00,460.96,392.63,990,24.9,0
04/26/2023 08:00:00,460.9,392.26,925,25,0
04/27/2023 08:00:00,461,392.55,1020,23.7,0
04/28/2023 08:00:00,460.73,392.9,1130,19.2,14.5
04/29/2023 08:00:00,460.85,393.38,1110,24.4,2.5
04/30/2023 08:00:00,460.97,392.76,1041,23.5,0
05/01/2023 08:00:00,461,392.57,1048,19.7,11
05/02/2023 08:00:00,460.91,392.84,1101,18.6,17.5
05/03/2023 08:00:00,461.02,392.57,1235.0830078125,19.4,2
05/04/2023 08:00:00,460.9,392.88,1261.75451660156,19,17
05/05/2023 08:00:00,460.91,392.65,1158.24816894531,22.7,1
05/06/2023 08:00:00,460.99,392.73,1141.75183105469,21.7,0
05/07/2023 08:00:00,460.94,391.98,1176.86633300781,23,2.5
05/08/2023 08:00:00,460.94,392.53,1135,22.3,0
05/09/2023 08:00:00,461.01,392.61,1075.87731933594,23,4
05/10/2023 08:00:00,460.95,392.06,1087.16333007812,26.4,0
05/11/2023 08:00:00,460.98,392.45,991.539733886719,27.7,0
05/12/2023 08:00:00,460.93,392.48,976.588562011719,28.1,0
05/13/2023 08:00:00,460.92,392.52,1117.5830078125,26.5,5.5
05/14/2023 08:00:00,460.98,392.73,1141.70300292969,27.3,0
05/15/2023 08:00:00,460.98,392.52,1128.45751953125,29.1,0
05/16/2023 08:00:00,460.96,392.51,1086.75451660156,26.8,0
05/17/2023 08:00:00,460.99,392.72,1198.40869140625,28.3,0
05/18/2023 08:00:00,460.98,392.82,1193.45751953125,27.5,0.5
05/19/2023 08:00:00,460.88,393.02,1190,28.1,0
05/20/2023 08:00:00,461.03,392.73,1198,29.3,0
05/21/2023 08:00:00,461.05,393.03,1266,31.3,0
05/22/2023 08:00:00,461.06,393.17,1301,33.1,0
05/23/2023 08:00:00,461.05,393.26,1420,29.8,0
05/24/2023 08:00:00,460.79,393.23,1432,23.8,3.5
05/25/2023 08:00:00,460.18,393.42,1666,22.4,9
05/26/2023 08:00:00,460.35,393.28,1314,22.6,2
05/27/2023 08:00:00,460.84,393.23,1569,24.7,0
05/28/2023 08:00:00,460.9,393.18,1428,26.4,0
05/29/2023 08:00:00,460.85,393.11,1400,24.7,0
05/30/2023 08:00:00,460.5,393.05,1337,23.2,4
05/31/2023 08:00:00,460.98,393.15,1371,19.8,9
06/01/2023 08:00:00,460.79,393.26,1619,18.1,31.5
06/02/2023 08:00:00,460.35,393.26,1620,22.3,25.5
06/03/2023 08:00:00,460.61,393.25,1498,24.9,0
06/04/2023 08:00:00,460.85,393.14,1481,27.3,0
06/05/2023 08:00:00,460.71,393.14,1367,28.1,0
06/06/2023 08:00:00,460.74,393.08,1380,27.8,0
06/07/2023 08:00:00,460.73,393.26,1478,24.2,14.5
06/08/2023 08:00:00,460.82,393.19,1466,27.4,10
06/09/2023 08:00:00,460.7,393.23,1554,28.1,0
06/10/2023 08:00:00,460.55,393.25,1630,29.6,0
06/11/2023 08:00:00,460.44,393.44,1680,27.2,14.5
06/12/2023 08:00:00,460.38,393.48,1712,29.8,0
06/13/2023 08:00:00,460.4,393.38,1795,31.4,6
06/14/2023 08:00:00,460.35,393.58,1833,30.4,0
06/15/2023 08:00:00,460.7,393.42,1807,28,3
06/16/2023 08:00:00,460.59,393.6,1830,28.2,0
06/17/2023 08:00:00,460.25,393.42,1678,29.9,0
06/18/2023 08:00:00,460.27,393.5,1732,30.7,0
06/19/2023 08:00:00,460.35,393.45,1666,27.2,12.5
06/20/2023 08:00:00,460.33,393.54,1783,31.1,0
06/21/2023 08:00:00,460.3,393.65,1815,32,0
06/22/2023 08:00:00,460.29,393.49,1853,33,0
06/23/2023 08:00:00,460.33,394.07,2056,33,0
06/24/2023 08:00:00,460.38,394.03,1958,31.7,0
06/25/2023 08:00:00,460.33,394.24,2025,31.4,11
06/26/2023 08:00:00,460.34,394.67,2493,31.5,76.5
06/27/2023 08:00:00,460.29,394.72,1980,28.6,0
06/28/2023 08:00:00,460.32,394.83,2065,27.7,0
06/29/2023 08:00:00,460.22,394.48,1759,28.8,0
06/30/2023 08:00:00,460.34,394.87,1889,26.4,3
07/01/2023 08:00:00,460.3,394.95,1820,28.2,0
07/02/2023 08:00:00,460.36,394.53,1784,29.9,0
07/03/2023 08:00:00,460.35,394.78,1760,29.9,0
07/04/2023 08:00:00,460.29,394.12,1753,26.6,16.5
07/05/2023 08:00:00,460.31,393.97,1739,26.4,0.5
07/06/2023 08:00:00,460.27,393.61,1559,27.1,0
07/07/2023 08:00:00,460.43,393.6,1559,27.3,0
07/08/2023 08:00:00,460.28,394.08,1910,27.1,50
07/09/2023 08:00:00,460.3,393.64,1708,27.5,0
07/10/2023 08:00:00,460.43,393.59,1615,29.2,0
07/11/2023 08:00:00,460.48,393.6,1549,28.8,0
07/12/2023 08:00:00,460.49,393.61,1660,26.9,0
07/13/2023 08:00:00,460.53,393.63,1640,27.3,9
07/14/2023 08:00:00,460.46,393.61,1574,25.5,0
07/15/2023 08:00:00,460.55,393.63,1576,27.3,11.5
07/16/2023 08:00:00,460.52,393.6,1636,29.2,0.5
07/17/2023 08:00:00,460.5,393.6,1641,28.5,0
07/18/2023 08:00:00,460.74,393.59,1550,25.6,0
07/19/2023 08:00:00,460.55,394.02,1714,27.5,47
07/20/2023 08:00:00,460.52,393.69,1580,28.4,10.5
07/21/2023 08:00:00,460.82,394.38,1826,26.5,0
07/22/2023 08:00:00,460.43,393.8,1601,24.8,0
07/23/2023 08:00:00,460.33,393.94,2087,27.9,38.5
07/24/2023 08:00:00,460.49,393.9,1800,26.4,0
07/25/2023 08:00:00,460.5,393.94,1762,27.2,11.5
07/26/2023 08:00:00,460.85,393.99,1824,25.2,0.5
07/27/2023 08:00:00,460.54,393.95,1750,24.5,107
07/28/2023 08:00:00,460.61,394.98,1621,25.7,12.5
07/29/2023 08:00:00,460.6,394.49,1995,27.6,53.5
07/30/2023 08:00:00,460.5,394.42,1631,27.4,0
07/31/2023 08:00:00,460.64,394.19,1538,27.5,0
08/01/2023 08:00:00,460.77,393.91,1463,28.2583333333333,0
08/02/2023 08:00:00,460.83,394.03,1369,28.2416666666667,0
08/03/2023 08:00:00,460.9,394.14,1387,28.4458333333333,11.5
08/04/2023 08:00:00,460.82,394.64,1280,27.6625,0
08/05/2023 08:00:00,460.94,394.74,1337,27.6708333333333,0
08/06/2023 08:00:00,460.88,394.25,1141,27.5875,0
08/07/2023 08:00:00,460.98,394.53,1170,25.95,31.5
08/08/2023 08:00:00,460.88,394.25,1133,28.5875,0
08/09/2023 08:00:00,460.95,393.83,1044,28.7458333333333,0
08/10/2023 08:00:00,460.86,393.88,991,26.6833333333333,9.5
08/11/2023 08:00:00,460.92,393.85,970,27.7166666666667,11
08/12/2023 08:00:00,460.85,393.86,895,29.1791666666667,0
08/13/2023 08:00:00,460.93,393.44,842,28.95,3
08/14/2023 08:00:00,460.9,393.33,827,25.3708333333333,11.5
08/15/2023 08:00:00,460.9,393.58,836,26.2333333333333,36.5
08/16/2023 08:00:00,460.9,393.28,768,28.2875,0
08/17/2023 08:00:00,460.89,393.35,767,27.0875,0
08/18/2023 08:00:00,460.9,393.2,685,28.0208333333333,0
08/19/2023 08:00:00,460.9,392.78,673,29.4375,0
08/20/2023 08:00:00,460.93,392.8,650,28.9375,0
08/21/2023 08:00:00,460.93,392.6,624,30.1833333333333,0
08/22/2023 08:00:00,460.99,392.6,630,30.375,0
08/23/2023 08:00:00,460.92,392.5,656,28.8125,0
08/24/2023 08:00:00,460.99,393.16,630,26.4541666666667,0
08/25/2023 08:00:00,460.9,392.3,568,25.5916666666667,8
08/26/2023 08:00:00,460.85,392.19,510,26.0916666666667,0
08/27/2023 08:00:00,460.82,392.16,500,26.9041666666667,0
08/28/2023 08:00:00,460.84,392.09,490,25.2333333333333,6.5
08/29/2023 08:00:00,460.85,392.38,503,26.6583333333333,0
08/30/2023 08:00:00,460.85,392.16,490,27.4958333333333,0
08/31/2023 08:00:00,460.78,391.79,435,28.3666666666667,0
09/01/2023 08:00:00,460.83,392.11,434,27.8,0
09/02/2023 08:00:00,460.85,391.95,440,27.2,0
09/03/2023 08:00:00,460.86,392.15,461,27.6,0
09/04/2023 08:00:00,460.88,391.79,414,25.2,0
09/05/2023 08:00:00,460.8,391.55,376,23.7291666666667,7
09/06/2023 08:00:00,460.89,391.76,408,25.8791666666667,0
09/07/2023 08:00:00,460.79,391.5,352,27.2,0
09/08/2023 08:00:00,460.65,391.48,330,28.2458333333333,0
09/09/2023 08:00:00,460.96,391.51,360,24.7,23.5
09/10/2023 08:00:00,460.88,391.46,350,23.8875,0
09/11/2023 08:00:00,460.88,391.66,360,22.7,0
09/12/2023 08:00:00,460.85,391.46,320,25.1041666666667,0
09/13/2023 08:00:00,460.8,391.5,335,26.2833333333333,0
09/14/2023 08:00:00,460.83,391.54,335,26.625,0
09/15/2023 08:00:00,460.86,391.85,360,22.4,20.5
09/16/2023 08:00:00,460.93,391.75,409,21.2,12
09/17/2023 08:00:00,460.8,391.5,330,24.7333333333333,0
09/18/2023 08:00:00,460.78,391.4,346,25.4,0
09/19/2023 08:00:00,460.89,391.61,370,26.075,0
09/20/2023 08:00:00,460.85,391.55,355,26.5125,0
09/21/2023 08:00:00,460.88,391.43,340,26.2208333333333,0
09/22/2023 08:00:00,460.92,391.58,340,20.8,12
09/23/2023 08:00:00,460.85,391.45,330,20.2,5.5
09/24/2023 08:00:00,460.8,391.45,312,24.0333333333333,0
09/25/2023 08:00:00,460.86,391.45,365,23.65,0
09/26/2023 08:00:00,460.85,391.5,326,24.275,0
09/27/2023 08:00:00,460.73,391.44,320,24.9791666666667,0
09/28/2023 08:00:00,460.67,391.43,295,25.7,0
09/29/2023 08:00:00,460.69,391.33,288,25.2583333333333,0
09/30/2023 08:00:00,460.78,391.33,290,25.7041666666667,0
10/01/2023 08:00:00,460.8,391.35,260,25.6333333333333,0
10/02/2023 08:00:00,460.83,391.25,330,24.75,0
10/03/2023 08:00:00,460.67,391.39,253,24.55,0
10/04/2023 08:00:00,460.59,391.27,240,24.6791666666667,0
10/05/2023 08:00:00,460.67,391.01,245,24.1208333333333,0
10/06/2023 08:00:00,460.83,391.06,234,23.6458333333333,0
10/07/2023 08:00:00,460.82,390.95,200,23.9041666666667,0
10/08/2023 08:00:00,460.89,390.94,236,23.0625,0
10/09/2023 08:00:00,460.96,391.08,220,23.1041666666667,0
10/10/2023 08:00:00,460.92,391.02,229,22.8541666666667,0
10/11/2023 08:00:00,460.95,391,240,20.6375,0
10/12/2023 08:00:00,460.88,390.95,214,20.0375,0
10/13/2023 08:00:00,460.89,390.91,210,21.3125,0
10/14/2023 08:00:00,460.92,390.96,210,18.6,8.5
10/15/2023 08:00:00,460.92,391.2,249,21.9083333333333,0
10/16/2023 08:00:00,460.9,390.89,260,18.2,10.5
10/17/2023 08:00:00,461.12,391.39,275,21.9791666666667,0
10/18/2023 08:00:00,460.86,391.49,312,21.0166666666667,0
10/19/2023 08:00:00,460.76,391.35,270,20.3916666666667,0
10/20/2023 08:00:00,461.02,391.39,257,19.8,0
10/21/2023 08:00:00,460.93,391.38,270,19.3375,0
10/22/2023 08:00:00,460.82,391.38,284,19.7375,0
10/23/2023 08:00:00,460.93,391.29,290,19.6375,0
10/24/2023 08:00:00,460.86,391.14,248,19.7333333333333,0
10/25/2023 08:00:00,460.85,391.17,260,19.7166666666667,0
10/26/2023 08:00:00,460.84,390.94,223,19.9416666666667,0
10/27/2023 08:00:00,460.84,390.94,236,20.1875,0
10/28/2023 08:00:00,460.85,391.36,262,20.0875,0
10/29/2023 08:00:00,460.82,391,225,19.5875,0
10/30/2023 08:00:00,460.83,390.89,209,20.025,0
10/31/2023 08:00:00,460.83,390.89,209,19.3458333333333,0
11/01/2023 08:00:00,460.4,391.04,218,21.3958333333333,0
11/02/2023 08:00:00,460.77,390.85,216,21.2416666666667,0
11/03/2023 08:00:00,460.8,390.8,214,20.2083333333333,0
11/04/2023 08:00:00,460.8,390.8,214,20.8,0
11/05/2023 08:00:00,460.86,390.76,202,21.2,0
11/06/2023 08:00:00,460.93,390.81,200,20.9,0
11/07/2023 08:00:00,460.89,390.7,169,21.8,0
11/08/2023 08:00:00,460.89,390.7,186,21.4,0
11/09/2023 08:00:00,460.89,390.7,180,20.6,0
11/10/2023 08:00:00,460.89,391,207,18.6,0
11/11/2023 08:00:00,460.86,391.35,300,16.6708333333333,0
11/12/2023 08:00:00,460.89,390.7,274,16.1125,0
11/13/2023 08:00:00,460.73,390.88,204,15.8,0
11/14/2023 08:00:00,460.8,391.21,230,15.2,0
11/15/2023 08:00:00,460.86,391.1,230,15.6,0
11/16/2023 08:00:00,460.86,391.1,230,15.4,0
11/17/2023 08:00:00,460.88,390.98,245,14.9583333333333,0
11/18/2023 08:00:00,460.84,390.94,215,14.5625,0
11/19/2023 08:00:00,460.84,390.95,210,14.8666666666667,0
11/20/2023 08:00:00,460.82,391,200,15.4041666666667,0
11/21/2023 08:00:00,460.84,390.76,211,15.0833333333333,0
11/22/2023 08:00:00,460.78,390.71,200,15.15,0
11/23/2023 08:00:00,460.79,390.71,200,14.75,0
11/24/2023 08:00:00,460.79,390.71,200,15.3625,0
11/25/2023 08:00:00,460.82,390.8,170,15,0
11/26/2023 08:00:00,460.78,390.75,170,14.5583333333333,0
11/27/2023 08:00:00,460.82,390.75,170,14.4791666666667,0
11/28/2023 08:00:00,460.88,390.85,168,14.4666666666667,0
11/29/2023 08:00:00,460.88,390.85,216,14.4583333333333,0
11/30/2023 08:00:00,460.78,390.73,176,14.3041666666667,0
12/01/2023 08:00:00,460.86,390.9,190,14.4583333333333,0
12/02/2023 08:00:00,460.2,390.9,190,13.8583333333333,0
12/03/2023 08:00:00,460.8,390.75,176,13.7666666666667,0
12/04/2023 08:00:00,460.85,390.75,190,13.85,0
12/05/2023 08:00:00,460.88,390.76,190,13.4583333333333,0
12/06/2023 08:00:00,460.88,390.9,184,13.3916666666667,0
12/07/2023 08:00:00,460.88,390.77,176,13.5,0
12/08/2023 08:00:00,460.85,390.71,190,12.8666666666667,0
12/09/2023 08:00:00,459.84,390.39,190,15.1333333333333,0
12/10/2023 08:00:00,460.5,390.62,160,15.6041666666667,0
12/11/2023 08:00:00,460.58,390.65,152,14.7958333333333,0
12/12/2023 08:00:00,460.53,390.61,160,13.8666666666667,0
12/13/2023 08:00:00,460.53,390.66,156,14.1291666666667,0
12/14/2023 08:00:00,460.53,390.66,156,13.025,0
12/15/2023 08:00:00,460.46,390.6,152,13.0875,0
12/16/2023 08:00:00,460.53,390.6,152,13.3083333333333,0
12/17/2023 08:00:00,460.58,390.6,151,13.2375,0
12/18/2023 08:00:00,460.65,390.6,151,12.4,0
12/19/2023 08:00:00,460.65,390.65,160,12.1,0
12/20/2023 08:00:00,460.68,390.61,150,12,0
12/21/2023 08:00:00,460.58,390.6,151,11.7,0
12/22/2023 08:00:00,460.58,390.6,151,11.3,0
12/23/2023 08:00:00,460.46,390.62,156,9.8,0
12/24/2023 08:00:00,460.46,390.62,156,9.5,0
12/25/2023 08:00:00,460.42,390.56,150,9.8,0
12/26/2023 08:00:00,460.27,390.56,150,11.5,0
12/27/2023 08:00:00,460.18,390.62,146,11.4,0
12/28/2023 08:00:00,460,390.58,146,11.6166666666667,0
12/29/2023 08:00:00,459.89,390.6,145,11.7,0
12/30/2023 08:00:00,459.7,390.6,145,11.1416666666667,0
12/31/2023 08:00:00,460.83,390.6,125,12.3117647058824,0
01/01/2024 08:00:00,459.7,390.63,140,11.8,0
01/02/2024 08:00:00,459.41,390.55,140,11.8,0
01/03/2024 08:00:00,459.2,390.55,140,11.2,0
01/04/2024 08:00:00,458.91,390.58,123,10.7,0
01/05/2024 08:00:00,458.53,390.55,123,10.9,0
01/06/2024 08:00:00,458.3,390.59,126,10.4,0
01/07/2024 08:00:00,458.03,390.59,130,10.8,0
01/08/2024 08:00:00,458.07,390.81,128,10.7,0
01/09/2024 08:00:00,458.39,390.56,128,10.4,0
01/10/2024 08:00:00,458.68,390.59,133,10.2,0
01/11/2024 08:00:00,459.04,390.59,133,10.5,0
01/12/2024 08:00:00,458.36,390.56,128,10.8,0
01/13/2024 08:00:00,458.71,390.54,138,10.9,0
01/14/2024 08:00:00,459.03,390.56,152,10.4,0
01/15/2024 08:00:00,459.29,390.56,152,10.7,0
01/16/2024 08:00:00,458.83,390.51,134,10.2,0
01/17/2024 08:00:00,458.51,390.55,134,10.5,0
01/18/2024 08:00:00,458.78,390.56,135,10.1,0
01/19/2024 08:00:00,458.96,389.32,150,9.8,0
01/20/2024 08:00:00,459.26,390.56,134,9.2,0
01/21/2024 08:00:00,458.81,390.56,131,9.7,0
01/22/2024 08:00:00,458.31,390.58,135,9.5,0
01/23/2024 08:00:00,458.28,390.58,135,9.3,0
01/24/2024 08:00:00,458.65,389.59,189,9.1,0
01/25/2024 08:00:00,458.34,390.58,120,8.9,0
01/26/2024 08:00:00,458.43,390.6,128,8.5,0
01/27/2024 08:00:00,458.59,390.6,130,8.7,0
01/28/2024 08:00:00,458.7,390.54,126,8.2,6
01/29/2024 08:00:00,458.43,389.6,158,8.6,0
01/30/2024 08:00:00,458.91,390.54,149,7.9,7
01/31/2024 08:00:00,458.64,390.54,149,8.4,17.5
02/01/2024 08:00:00,459.06,390.66,230,8.8,0.5
02/02/2024 08:00:00,458.99,390.75,180,9,0
02/03/2024 08:00:00,458.95,390.64,180,8.2,3.5
02/04/2024 08:00:00,458.96,390.64,200,8.7,19
02/05/2024 08:00:00,458.93,390.71,187,10.2,0
02/06/2024 08:00:00,458.88,390.56,180,10.9,0
02/07/2024 08:00:00,458.88,390.56,166,10.6,0
02/08/2024 08:00:00,458.9,390.56,170,10.4,0
02/09/2024 08:00:00,458.83,390.55,160,10.7,0
02/10/2024 08:00:00,458.69,390.58,158,10.9,0
02/11/2024 08:00:00,458.56,390.58,157,9,0
02/12/2024 08:00:00,458.45,390.58,214,10.4,0
02/13/2024 08:00:00,458.79,390.54,171,10.9,0
02/14/2024 08:00:00,458.71,390.55,171,11.2,0
02/15/2024 08:00:00,458.61,390.55,161,11.7,0
02/16/2024 08:00:00,458.46,390.55,134,12.4,0
02/17/2024 08:00:00,458.73,390.51,164,12.1,0
02/18/2024 08:00:00,459.1,390.56,166,10.6,18
02/19/2024 08:00:00,459.46,390.55,190,10.2,23.5
02/20/2024 08:00:00,459.56,392.74,480,12.6,0
02/21/2024 08:00:00,458.45,391.64,370,13.2,0
02/22/2024 08:00:00,458.3,391.26,314,13.6,0
02/23/2024 08:00:00,458.26,391.08,314,13.8,0
02/24/2024 08:00:00,458.2,391.08,314,13.5,0
02/25/2024 08:00:00,458.2,391.2,300,14.1,0
02/26/2024 08:00:00,458.23,391.2,286,13.8,0
02/27/2024 08:00:00,458.23,391.2,286,14,0
02/28/2024 08:00:00,458.36,391.2,236,14.4,0
02/29/2024 08:00:00,458.34,391.02,262,14.1,0
03/01/2024 08:00:00,458.15,390.83,271,14.3,22.5
03/02/2024 08:00:00,458.41,392.45,572,12.6,47.5
03/03/2024 08:00:00,460.3,393.45,1000,12.1,0
03/04/2024 08:00:00,459.48,392.95,700,12.8,0
03/05/2024 08:00:00,459.9,392.5,590,13.5,0
03/06/2024 08:00:00,460.04,392.23,533,13.7,0
03/07/2024 08:00:00,460.15,392.23,566,14.5,0
03/08/2024 08:00:00,460.09,392.39,542,14.2,0
03/09/2024 08:00:00,460,392.04,500,15.2,0
03/10/2024 08:00:00,459.8,391.43,370,14.6,0
03/11/2024 08:00:00,460,391.76,410,15,0
03/12/2024 08:00:00,459.95,391.46,400,15.2,0
03/13/2024 08:00:00,459.96,391.59,386,14.6,19.5
03/14/2024 08:00:00,460.25,392.39,577,15.8,0
03/15/2024 08:00:00,460,392.39,570,16.2,0
03/16/2024 08:00:00,459.99,391.5,440,16.6,0
03/17/2024 08:00:00,459.99,391.25,418,16.4,0
03/18/2024 08:00:00,459.95,391.41,434,16.8,0
03/19/2024 08:00:00,459.95,391.16,434,17.4,0
03/20/2024 08:00:00,459.55,391.21,434,17.8,0
03/21/2024 08:00:00,459.93,391.31,490,16.2,7
03/22/2024 08:00:00,459.98,391.73,484,18.4,0
03/23/2024 08:00:00,460.04,391.73,420,19.2,0
03/24/2024 08:00:00,460.06,391.76,570,20.2,0
03/25/2024 08:00:00,459.89,391.63,528,20.6,0
03/26/2024 08:00:00,459.75,391.69,596,18.8,0
03/27/2024 08:00:00,459.88,391.69,560,20.2,0
03/28/2024 08:00:00,460.24,392.01,590,19.8,0
03/29/2024 08:00:00,460.28,392.99,776,20,0
03/30/2024 08:00:00,460.77,392.31,1034,20.6,2.5
03/31/2024 08:00:00,461,394.14,1320,20.2,16.5
04/01/2024 08:00:00,460.61,394.32,1100,20.8,0
04/02/2024 08:00:00,460.46,393.75,943,20.4,0
04/03/2024 08:00:00,460.35,393.32,853,21.2,0
04/04/2024 08:00:00,460.49,393.77,900,21.5,4
04/05/2024 08:00:00,460.21,393.53,830,21.8,0
04/06/2024 08:00:00,460.39,393.43,827,21.4,0
04/07/2024 08:00:00,460.04,393.05,710,21.2,0
04/08/2024 08:00:00,459.99,393.05,740,21.6,0
04/09/2024 08:00:00,460.12,392.96,750,22,0
04/10/2024 08:00:00,460.7,392.89,753,22.4,0
04/11/2024 08:00:00,459.93,393.1,726,22.8,2
04/12/2024 08:00:00,460.36,393.1,742,22.2,0
04/13/2024 08:00:00,460.1,392.89,760,21.6,0
04/14/2024 08:00:00,460.14,393.23,811,20.4,1
04/15/2024 08:00:00,460.9,394.6,1304,19.8,7.5
04/16/2024 08:00:00,460.45,395.18,2300,18.2,57
04/17/2024 08:00:00,460.69,394.86,1560,20.2,0
04/18/2024 08:00:00,460.73,395.13,1400,20.5,0
04/19/2024 08:00:00,460.89,394.84,1584,19.6,8.5
04/20/2024 08:00:00,460.95,395.14,1900,19.2,11.5
04/21/2024 08:00:00,460.74,395.17,1780,20.6,0
04/22/2024 08:00:00,460.82,395.25,1600,21.2,0
04/23/2024 08:00:00,460.6,395.25,1648,22,0
04/24/2024 08:00:00,460.71,395.25,1489,22.6,1
04/25/2024 08:00:00,460.83,395.02,1480,23.5,0
04/26/2024 08:00:00,460.64,395.45,1422,23.8,0
04/27/2024 08:00:00,460.7,395,1426,23,4
04/28/2024 08:00:00,460.79,395,1850,21.6,15
04/29/2024 08:00:00,460.63,395.3,2610,20.2,24
04/30/2024 08:00:00,460.67,395.34,2667,19.8,30
05/01/2024 08:00:00,460.84,395.27,2236,20.4,0
05/02/2024 08:00:00,460.77,395.27,2057,20.2,0
05/03/2024 08:00:00,460.71,395.29,1880,20.6,0
05/04/2024 08:00:00,460.6,395.11,1860,22.4,0
05/05/2024 08:00:00,460.9,395.23,1736,22.8,0
05/06/2024 08:00:00,460.55,395.23,1770,24.6,0
05/07/2024 08:00:00,460.84,395.04,1770,25.4,0
05/08/2024 08:00:00,460.84,395.18,1850,26.8,0
05/09/2024 08:00:00,460.54,395.21,1987,27.2,0
05/10/2024 08:00:00,460.77,395.19,2064,26.4,0
05/11/2024 08:00:00,460.57,395.15,1987,27.4,13
05/12/2024 08:00:00,460.95,395.29,2090,26.8,2
05/13/2024 08:00:00,460.53,395.35,2116,27,0
05/14/2024 08:00:00,460.82,395.35,1750,27.4,0
05/15/2024 08:00:00,460.93,395.11,1690,28.2,0
05/16/2024 08:00:00,460.73,395.3,1891,28.8,0
05/17/2024 08:00:00,460.8,395.1,1813,29.6,0
05/18/2024 08:00:00,460.7,395.2,1975,30.2,0
05/19/2024 08:00:00,460.67,395.27,1830,30.4,0
05/20/2024 08:00:00,460.74,395.2,1830,30.2,0
05/21/2024 08:00:00,460.89,395.28,1646,30.6,0
05/22/2024 08:00:00,460.75,395.28,1746,30.4,0
05/23/2024 08:00:00,460.19,395.28,2100,30.6,0
05/24/2024 08:00:00,460.7,395.62,2112,30.6,0
05/25/2024 08:00:00,460.7,395.5,2051,30.2,0
05/26/2024 08:00:00,460.78,395.5,1757,30.8,0
05/27/2024 08:00:00,460.34,395.38,1930,31.4,0
05/28/2024 08:00:00,460.4,395.49,1973,31.8,0
05/29/2024 08:00:00,460.57,395.49,1989,32,0
05/30/2024 08:00:00,460.74,395.49,1989,32.6,0
05/31/2024 08:00:00,460.35,395.44,1720,33,0
06/01/2024 08:00:00,460.2,395.44,1745,33.2,0
06/02/2024 08:00:00,460.67,395.45,1575,33.4,0
06/03/2024 08:00:00,460.34,395.63,1714,33,0
06/04/2024 08:00:00,460.57,395.48,1629,33.2,0.5
06/05/2024 08:00:00,460.27,395.52,1680,31.4,0
06/06/2024 08:00:00,460.21,395.49,1650,32,0
06/07/2024 08:00:00,460.11,395.4,1230,32.4,0
06/08/2024 08:00:00,460.8,394.63,1220,32,0
06/09/2024 08:00:00,460.83,395.18,1140,32.2,0
06/10/2024 08:00:00,460.74,395.02,1100,31.6,0
06/11/2024 08:00:00,460.88,395.07,1050,32,0
06/12/2024 08:00:00,460.78,395.17,1080,31.6,0
06/13/2024 08:00:00,460.74,395.25,1219,31.2,0
06/14/2024 08:00:00,460.73,395.17,1160,30.4,0
06/15/2024 08:00:00,460.85,395.17,1199,32.8,0
06/16/2024 08:00:00,460.93,395.4,1312,32.6,0
06/17/2024 08:00:00,460.71,395.42,1300,32.2,0
06/18/2024 08:00:00,460.8,395.42,1230,28.6,0
06/19/2024 08:00:00,460.8,395.37,1406,30.2,0
06/20/2024 08:00:00,460.61,395.39,1360,30.8,0
06/21/2024 08:00:00,460.27,395.1,1166,29.2,0
06/22/2024 08:00:00,460.79,395.14,1174,31.4,0
06/23/2024 08:00:00,460.85,395.23,1110,31.8,0
06/24/2024 08:00:00,460.74,395.04,1132,31.2,0
06/25/2024 08:00:00,460.86,395.4,1280,31.6,0
06/26/2024 08:00:00,460.68,395.27,1261,32.4,0
06/27/2024 08:00:00,460.45,395.43,1291,30.2,0
06/28/2024 08:00:00,460.52,395.43,1292,30.8,0
06/29/2024 08:00:00,460.89,395.34,1420,30.2,0
06/30/2024 08:00:00,460.89,395.34,1400,31,0
07/01/2024 08:00:00,460.59,395.37,1373,30.4,62
07/02/2024 08:00:00,460.75,395.35,1489,30.2,21.5
07/03/2024 08:00:00,460.71,395.35,1408,29.6,6.5
07/04/2024 08:00:00,460.83,395.39,1302,29.2,0
07/05/2024 08:00:00,460.74,395.44,1393,30.2,5
07/06/2024 08:00:00,460.78,395.32,1400,29.6,13.5
07/07/2024 08:00:00,460.03,395.43,1257,28.8,0
07/08/2024 08:00:00,460.16,395,1080,29.6,0
07/09/2024 08:00:00,460.17,394.67,947,30.4,0
07/10/2024 08:00:00,460.14,394.8,980,30.2,27.5
07/11/2024 08:00:00,458.05,394.69,950,28.6,4.5
07/12/2024 08:00:00,460.29,393.86,930,28.2,0
07/13/2024 08:00:00,460.63,394.79,970,29.8,0
07/14/2024 08:00:00,459.65,393.84,850,29.2,0
07/15/2024 08:00:00,459.9,393.84,800,28.6,0
07/16/2024 08:00:00,459.28,393.88,800,29.4,0
07/17/2024 08:00:00,460.65,394.09,740,29.8,0
07/18/2024 08:00:00,460.5,393.84,750,28.2,15.5
07/19/2024 08:00:00,460.7,393.78,723,30.6,0
07/20/2024 08:00:00,460.36,393.73,710,29.8,0
07/21/2024 08:00:00,460.08,393.16,515,30,0
07/22/2024 08:00:00,460.58,393.59,674,29,0.5
07/23/2024 08:00:00,460.96,394.03,725,28.6,7
07/24/2024 08:00:00,460.99,393.84,675,29.2,0
07/25/2024 08:00:00,460.92,393.68,640,29,0
07/26/2024 08:00:00,460.93,393.61,630,28.2,26
07/27/2024 08:00:00,460.7,393.61,616,27.4,39.5
07/28/2024 08:00:00,460.99,393.64,640,27,26
07/29/2024 08:00:00,461.02,393.82,660,26.4,26.5
07/30/2024 08:00:00,460.9,394.02,690,27.8,42
07/31/2024 08:00:00,460.57,394.48,955,28.2,0
08/01/2024 08:00:00,460.84,393.53,670,27.6,46.5
08/02/2024 08:00:00,460.94,394.33,840,27,0
08/03/2024 08:00:00,460.63,393.84,730,26.4,0
08/04/2024 08:00:00,460.25,393.25,780,27.2,0
08/05/2024 08:00:00,459.96,393.25,784,27.8,0
08/06/2024 08:00:00,459.89,393.34,705,27.4,15
08/07/2024 08:00:00,460.13,393.19,693,25.8,46.5
08/08/2024 08:00:00,460.03,393.4,734,26.2,4
08/09/2024 08:00:00,460.38,393.18,662,27.6,1.5
08/10/2024 08:00:00,459.82,393.15,633,26.2,1
08/11/2024 08:00:00,460.11,393.13,750,24.8,33.5
08/12/2024 08:00:00,460.33,393.14,618,24.2,0
08/13/2024 08:00:00,459.69,393.09,570,25.8,0
08/14/2024 08:00:00,459.83,393.09,560,26.4,0
08/15/2024 08:00:00,459.78,393.1,563,25.2,60
08/16/2024 08:00:00,460.38,393.6,555,24.8,11.5
08/17/2024 08:00:00,460.52,393.1,680,26,12.5
08/18/2024 08:00:00,460.69,393.08,540,25.6,0
08/19/2024 08:00:00,460.19,392.65,510,25.2,0
08/20/2024 08:00:00,460.57,393.13,600,25.8,0
08/21/2024 08:00:00,460.18,393.42,600,25.2,10
08/22/2024 08:00:00,460.23,392.46,550,24.6,1.5
08/23/2024 08:00:00,459.71,392.43,520,24.9,0
08/24/2024 08:00:00,459.7,392.48,530,25,2
08/25/2024 08:00:00,459.6,392.5,520,25.8,0
08/26/2024 08:00:00,459.61,392.51,555,26,3.5
08/27/2024 08:00:00,460.08,393.23,610,25.4,22.5
08/28/2024 08:00:00,459.14,391.63,500,24.6,41
08/29/2024 08:00:00,460.42,392.73,725,24.2,2
08/30/2024 08:00:00,460.65,395.93,1850,24.8,31.5
08/31/2024 08:00:00,460.83,394.11,1260,25.6,20.5
09/01/2024 08:00:00,460.92,394.53,870,26.4,0
09/02/2024 08:00:00,460.79,393.28,853,26.8,23.5
09/03/2024 08:00:00,460.06,394.05,860,26.8,1.5
09/04/2024 08:00:00,459.91,393.32,843,26.2,2.5
09/05/2024 08:00:00,459.56,393.28,780,26.4,0
09/06/2024 08:00:00,460.64,393.33,767,26.6,19.5
09/07/2024 08:00:00,460.86,394.93,830,26.2,10.5
09/08/2024 08:00:00,459.94,392.66,750,26,0
09/09/2024 08:00:00,460.23,393.28,675,25.8,0
09/10/2024 08:00:00,460.14,393.26,640,25.2,0.5
09/11/2024 08:00:00,459.93,393.26,600,24.6,0
09/12/2024 08:00:00,460.14,393.24,595,24.4,0
09/13/2024 08:00:00,459.95,392.56,570,24.8,0
09/14/2024 08:00:00,459.89,392.58,530,24.6,40
09/15/2024 08:00:00,459.36,392.6,520,25,0
09/16/2024 08:00:00,458.9,392.6,455,24.4,0
09/17/2024 08:00:00,459.45,391.74,444,24.6,0
09/18/2024 08:00:00,459.19,391.76,373,25,0
09/19/2024 08:00:00,460.63,392.96,390,25.6,0
09/20/2024 08:00:00,460.04,392.6,378,26.2,0
09/21/2024 08:00:00,460.52,392.6,380,25.4,0
09/22/2024 08:00:00,459.45,391.74,360,24.6,0
09/23/2024 08:00:00,458.69,391.74,334,24.2,0
09/24/2024 08:00:00,458.76,391.71,339,24.4,0
09/25/2024 08:00:00,459.06,391.8,312,24,0
09/26/2024 08:00:00,459.01,391.69,281,24.1,0
09/27/2024 08:00:00,459.93,392.39,357,20.2,18
09/28/2024 08:00:00,458.63,391.75,340,23.6,12
09/29/2024 08:00:00,458.95,391.75,285,23.2,0
09/30/2024 08:00:00,458.59,391.78,270,22.8,0
10/01/2024 08:00:00,460.08,391.78,285,23,0
10/02/2024 08:00:00,459.79,391.78,265,22.6,0
10/03/2024 08:00:00,459.79,391.78,265,22.8,0
10/04/2024 08:00:00,459.21,391.78,320,23.2,0
10/05/2024 08:00:00,459.46,392.64,240,22.6,0
10/06/2024 08:00:00,459.44,392.59,270,22.4,11.5
10/07/2024 08:00:00,459.3,391.86,280,22.6,0
10/08/2024 08:00:00,459.26,391.84,230,22.2,0
10/09/2024 08:00:00,459.13,391.8,220,22,0
10/10/2024 08:00:00,459.2,391.84,220,22.4,0
10/11/2024 08:00:00,459.7,392.51,215,21.6,0
10/12/2024 08:00:00,459.58,391.78,210,21.2,0
10/13/2024 08:00:00,459.4,391.83,206,21,0
10/14/2024 08:00:00,459.23,391.8,198,21.6,0
10/15/2024 08:00:00,459.84,391.8,178,20.8,0
10/16/2024 08:00:00,460.33,391.76,181,20.2,0
10/17/2024 08:00:00,460.42,391.78,190,19.8,0
10/18/2024 08:00:00,460.33,391.74,190,20,0
10/19/2024 08:00:00,460.52,391.78,182,20.4,0
10/20/2024 08:00:00,460.36,391.78,185,20.2,0
10/21/2024 08:00:00,460.7,391.74,168,20,0
10/22/2024 08:00:00,460.58,391.78,166,19.7375,0
10/23/2024 08:00:00,460.6,391.75,165,19.6375,0
10/24/2024 08:00:00,460.83,392.03,162,19.7333333333333,0
10/25/2024 08:00:00,460.34,391.7,175,19.4,0
10/26/2024 08:00:00,460.32,391.68,170,19.6,0
10/27/2024 08:00:00,460.4,391.7,175,19.2,0
10/28/2024 08:00:00,460.25,391.68,158,19.4,0
10/29/2024 08:00:00,460.27,391.69,158,19.2,0
10/30/2024 08:00:00,460.75,392.45,268,19,0
10/31/2024 08:00:00,460.18,391.71,207,18.6,0
11/01/2024 08:00:00,460.14,391.71,175,18.8,0
11/02/2024 08:00:00,460.05,391.74,168,18.2,0
11/03/2024 08:00:00,459.94,391.79,183,18,0
11/04/2024 08:00:00,459.94,392.63,205,17.8,0
11/05/2024 08:00:00,459.9,391.81,200,18.2,0
11/06/2024 08:00:00,460.05,391.81,135,18,0
11/07/2024 08:00:00,460.2,391.78,145,17.6,0
11/08/2024 08:00:00,460.39,391.76,160,17.8,0
11/09/2024 08:00:00,460.44,391.75,160,18.2,0
11/10/2024 08:00:00,460.28,391.7,155,18,0
11/11/2024 08:00:00,460.24,391.64,148,17.8,0
11/12/2024 08:00:00,460.36,391.64,168,17.6,0
11/13/2024 08:00:00,460.55,391.79,185,16.4,0
11/14/2024 08:00:00,460.32,391.88,155,16.2,0
11/15/2024 08:00:00,459.96,391.81,150,16,0
11/16/2024 08:00:00,460.08,391.36,153,15.6,0
11/17/2024 08:00:00,460.09,391.56,185,15.8,0
11/18/2024 08:00:00,460,391.58,170,15.2,0
11/19/2024 08:00:00,460.03,391.59,200,15,0
11/20/2024 08:00:00,459.99,391.31,175,15.2,0
11/21/2024 08:00:00,459.99,391.05,164,15.4,0
11/22/2024 08:00:00,459.98,390.98,152,15.2,0
11/23/2024 08:00:00,459.98,390.98,151,15.6,0
11/24/2024 08:00:00,459.99,390.99,147,15,0
11/25/2024 08:00:00,460.03,390.98,149,15.2,0
11/26/2024 08:00:00,460.01,390.95,148,15,0
11/27/2024 08:00:00,460.03,390.95,148,14.8,0
11/28/2024 08:00:00,460.03,390.94,145,15,0
11/29/2024 08:00:00,459.95,390.9,143,15.2,0
11/30/2024 08:00:00,459.93,390.9,145,14.8,0
12/01/2024 08:00:00,459.86,390.62,160,14.4,0
12/02/2024 08:00:00,459.88,390.34,150,14.2,0
12/03/2024 08:00:00,459.88,390.42,154,14.6,0
12/04/2024 08:00:00,459.98,390.29,153,14.4,0
12/05/2024 08:00:00,459.99,390.3,165,14.2,0
12/06/2024 08:00:00,460.05,388.96,154,14,0
12/07/2024 08:00:00,460.03,388.85,125,13.8,0
12/08/2024 08:00:00,459.89,388.81,120,13.2,0
12/09/2024 08:00:00,459.68,388.7,115,13.4,0
12/10/2024 08:00:00,459.57,388.66,134,13.6,0
12/11/2024 08:00:00,459.51,387.42,133,13.2,0
12/12/2024 08:00:00,459.91,389.02,149,13.4,0
12/13/2024 08:00:00,459.81,388.82,130,14,0
12/14/2024 08:00:00,459.73,388.77,130,13.6,0
12/15/2024 08:00:00,459.53,388.8,138,13.4,0
12/16/2024 08:00:00,459.49,387.9,134,13.6,0
12/17/2024 08:00:00,459.64,387.9,145,13.8,0
12/18/2024 08:00:00,459.8,387.33,145,13.2,0
12/19/2024 08:00:00,460.27,388.27,145,12.8,0
12/20/2024 08:00:00,460.05,388.3,148,11.6,0
12/21/2024 08:00:00,459.78,388.3,130,11.2,0
12/22/2024 08:00:00,459.6,387.06,144,10.8,0
12/23/2024 08:00:00,459.98,388.06,125,9,1.5
12/24/2024 08:00:00,459.84,386.91,145,8.4,0
12/25/2024 08:00:00,460.11,388.01,122,9.8,0
12/26/2024 08:00:00,459.8,387.97,130,9.2,0
12/27/2024 08:00:00,459.59,386.88,130,8.6,3.5
12/28/2024 08:00:00,459.6,387.4,124,9.4,0
12/29/2024 08:00:00,459.7,387.86,145,8.6,0
12/30/2024 08:00:00,459.75,386.85,99,8.2,0
12/31/2024 08:00:00,460.14,387.77,141,7.8,0
01/01/2025 08:00:00,459.74,387.75,100,10.6,0
01/02/2025 08:00:00,459.63,386.81,148,10.2,0
01/03/2025 08:00:00,459.83,386.86,153,9.8,0
01/04/2025 08:00:00,460.16,387.7,137,10.4,0
01/05/2025 08:00:00,459.89,387.67,115,11,0
01/06/2025 08:00:00,459.65,387.71,135,10.8,0
01/07/2025 08:00:00,459.39,386.85,145,10.2,0
01/08/2025 08:00:00,459.73,387.65,140,10.6,0
01/09/2025 08:00:00,459.59,386.82,160,10.8,0
01/10/2025 08:00:00,460.16,387.97,153,10.2,0
01/11/2025 08:00:00,460.05,387.92,145,9.8,0
01/12/2025 08:00:00,459.66,387.63,145,9.4,0
01/13/2025 08:00:00,459.44,387.95,150,9.6,0
01/14/2025 08:00:00,459.6,386.82,135,9.2,0
01/15/2025 08:00:00,460.01,387.61,133,9.6,0
01/16/2025 08:00:00,459.79,387.6,132,8.2,3.5
01/17/2025 08:00:00,459.59,387.6,160,9.4,0
01/18/2025 08:00:00,459.44,387.56,126,9.2,0
01/19/2025 08:00:00,459.16,386.8,150,9.6,0
01/20/2025 08:00:00,459.55,386.8,135,8.6,0
01/21/2025 08:00:00,459.83,387.48,135,10.2,0
01/22/2025 08:00:00,459.48,387.51,131,10.8,0
01/23/2025 08:00:00,459.23,386.78,134,11.2,0
01/24/2025 08:00:00,459.59,386.78,138,11,2
01/25/2025 08:00:00,459.94,387.48,130,11.6,0
01/26/2025 08:00:00,459.85,387.5,140,11.2,0
01/27/2025 08:00:00,459.7,387.43,135,11,0
01/28/2025 08:00:00,459.25,387.45,135,11.2,0
01/29/2025 08:00:00,459.35,387.6,130,11.4,0
01/30/2025 08:00:00,459.48,386.76,130,12.2,0
01/31/2025 08:00:00,459.59,387.43,131,12.8,1.5
02/01/2025 08:00:00,459.27,386.76,131,12.4,0
02/02/2025 08:00:00,459.88,387.48,140,12.6,0
02/03/2025 08:00:00,459.74,387.55,128,12.2,0
02/04/2025 08:00:00,459.75,386.77,132,12.8,0
02/05/2025 08:00:00,459.83,387.47,135,12.6,0
02/06/2025 08:00:00,459.51,387.48,130,12.4,0
02/07/2025 08:00:00,459.2,386.78,131,12.2,0
02/08/2025 08:00:00,459.34,386.75,136,12.8,0
02/09/2025 08:00:00,459.4,386.75,126,13,0
02/10/2025 08:00:00,459.64,386.71,150,12.6,0
02/11/2025 08:00:00,459.8,387.43,123,13,0
02/12/2025 08:00:00,459.48,387.46,117,12.4,0
02/13/2025 08:00:00,459.41,386.75,125,13.2,0
02/14/2025 08:00:00,459.79,386.75,128,13.6,0
02/15/2025 08:00:00,460.23,387.42,130,14.2,0
02/16/2025 08:00:00,459.73,387.7,130,14.8,0
02/17/2025 08:00:00,459.29,387.45,128,15.6,0
02/18/2025 08:00:00,458.89,386.75,140,14.8,0
02/19/2025 08:00:00,459.08,386.75,125,14.4,15.5
02/20/2025 08:00:00,459.58,386.75,118,12.8,16
02/21/2025 08:00:00,459.71,386.75,135,13.6,0
02/22/2025 08:00:00,459.88,387.46,125,14.4,0
02/23/2025 08:00:00,459.6,387.46,155,14,0
02/24/2025 08:00:00,460.14,387.75,143,13.5,0
02/25/2025 08:00:00,459.69,388.42,154,12.8,5.5
02/26/2025 08:00:00,459.21,388.42,172,12.2,0
02/27/2025 08:00:00,460.01,388.41,315,11.8,35.5
02/28/2025 08:00:00,459.68,389.55,540,11.4,0
03/01/2025 08:00:00,458.85,388.45,340,16.8,0
03/02/2025 08:00:00,460.11,386.73,340,18.4,0
03/03/2025 08:00:00,459.9,387.47,365,14.2,35
03/04/2025 08:00:00,459.5,388.42,460,18.8,0
03/05/2025 08:00:00,459.16,387.56,420,19.7,0
03/06/2025 08:00:00,459.36,388.42,415,20.2,0
03/07/2025 08:00:00,459.01,387.42,325,20.4,0
03/08/2025 08:00:00,459.05,387.42,320,20.8,0
03/09/2025 08:00:00,458.33,387.45,300,20.4,0
03/10/2025 08:00:00,458.93,387.5,320,18.6,0
03/11/2025 08:00:00,458.65,387.5,370,19.2,6.5
03/12/2025 08:00:00,458.81,387.98,420,19.8,0
03/13/2025 08:00:00,458.15,387.55,415,18.2,0
03/14/2025 08:00:00,458.74,388.18,470,16.4,0
03/15/2025 08:00:00,459.74,388.36,470,16.6,8
03/16/2025 08:00:00,459.49,387.47,530,19.4,0
03/17/2025 08:00:00,459.24,387.42,520,20.8,0
03/18/2025 08:00:00,458.94,387.45,515,21.6,0
03/19/2025 08:00:00,459.25,387.42,460,21.8,0
03/20/2025 08:00:00,459.19,387.43,455,22.4,0
03/21/2025 08:00:00,458.58,387.76,460,22.2,2.5
03/22/2025 08:00:00,459.24,387.39,446,22.6,0
03/23/2025 08:00:00,458.83,387.36,444,23.2,0
03/24/2025 08:00:00,458.43,387.43,417,23,0
03/25/2025 08:00:00,458.65,389.62,455,22.2,0
03/26/2025 08:00:00,458.98,389.9,425,22.6,0
03/27/2025 08:00:00,459.2,387.3,495,22.2,0
03/28/2025 08:00:00,459.69,389.8,675,22.4,0
03/29/2025 08:00:00,459.76,388.6,590,22.8,0
03/30/2025 08:00:00,459.5,387.41,570,22.6,0
03/31/2025 08:00:00,459.03,387.77,570,22.2,0
04/01/2025 08:00:00,459.64,387.67,550,22.8,0
04/02/2025 08:00:00,458.68,388.05,580,22.4,0
04/03/2025 08:00:00,458.05,389.53,620,22.6,0
04/04/2025 08:00:00,458.36,388.07,580,23.2,0
04/05/2025 08:00:00,458.22,387.4,610,22.6,0
04/06/2025 08:00:00,458.51,387.4,630,23.2,0
04/07/2025 08:00:00,458.25,388.45,680,23.6,0
04/08/2025 08:00:00,459.05,389.51,800,23.8,3.5
04/09/2025 08:00:00,457.85,389.84,940,23.2,0
04/10/2025 08:00:00,459.63,389.96,1010,23.6,2
04/11/2025 08:00:00,459.2,391.26,925,24,0.5
04/12/2025 08:00:00,459.25,390.23,925,24.2,0
04/13/2025 08:00:00,459.49,389.98,865,24.4,0
04/14/2025 08:00:00,459.78,391.04,960,24.8,0
04/15/2025 08:00:00,459.2,390.05,1120,24.2,0
04/16/2025 08:00:00,459.63,391.9,1210,23.6,0
04/17/2025 08:00:00,460.48,391.8,1360,24,0
04/18/2025 08:00:00,460.1,392.15,1235,23.4,7
04/19/2025 08:00:00,460.1,392.09,1225,23.8,1
04/20/2025 08:00:00,460.61,392.71,1580,23,0
04/21/2025 08:00:00,460.49,392.21,1519,23.4,0
04/22/2025 08:00:00,460.54,392.25,1400,23.2,0
04/23/2025 08:00:00,459.65,391.93,1385,23.6,0
04/24/2025 08:00:00,459.86,392.25,1340,23.6,0
04/25/2025 08:00:00,459.53,393.6,1290,23.2,0
04/26/2025 08:00:00,459.24,393.2,1230,22.8,0
04/27/2025 08:00:00,459.58,393.6,1230,23.4,0
04/28/2025 08:00:00,459.16,392.85,1110,24,0
04/29/2025 08:00:00,460.19,393.5,1250,24.2,0
04/30/2025 08:00:00,460.63,393.57,1340,24.4,0
05/01/2025 08:00:00,460.21,393.6,1349,24,3
05/02/2025 08:00:00,460,393.64,1244,23.6,0
05/03/2025 08:00:00,460.14,392.66,1222,24,0
05/04/2025 08:00:00,460.65,393.55,1260,23.4,10
05/05/2025 08:00:00,460.88,393.28,1220,23.8,0
05/06/2025 08:00:00,461,393.57,1260,23,0
05/07/2025 08:00:00,460.52,393.58,1350,23.4,0
05/08/2025 08:00:00,460.8,394.17,1420,23,53.5
05/09/2025 08:00:00,459.9,393.65,1440,23.8,0.5
05/10/2025 08:00:00,459.86,393.69,1470,24.6,2.5
05/11/2025 08:00:00,459.16,393.71,1205,25.2,8
05/12/2025 08:00:00,460.13,393.61,1340,23.8,0
05/13/2025 08:00:00,459.93,393.61,1180,24.4,0
05/14/2025 08:00:00,459.5,393.65,1100,24.2,0
05/15/2025 08:00:00,459.1,392.45,1065,24.6,0
05/16/2025 08:00:00,459.12,392.56,1150,23.8,0
05/17/2025 08:00:00,459.9,393.55,1200,24.6,0
05/18/2025 08:00:00,460.12,393.57,1200,25.2,0
05/19/2025 08:00:00,460.72,393.35,1320,23.8,0
05/20/2025 08:00:00,460.81,393.06,1311,25.4,0
05/21/2025 08:00:00,459.75,393.04,1160,26.2,0
05/22/2025 08:00:00,460.39,393.6,1232,28.6,0
05/23/2025 08:00:00,460.01,393.67,1297,30.2,0
05/24/2025 08:00:00,460.5,393.14,1250,26.4,13
05/25/2025 08:00:00,459.98,392.36,1218,30.4,0
05/26/2025 08:00:00,459.38,392.95,1110,30.2,0
05/27/2025 08:00:00,460.18,393.6,1120,31,0
05/28/2025 08:00:00,460.8,393.55,1320,31.2,0
05/29/2025 08:00:00,460.23,393.59,1080,31.8,0
05/30/2025 08:00:00,459.71,392.9,1060,27.2,5
05/31/2025 08:00:00,460.33,393.55,1050,29.8,17.5
06/01/2025 08:00:00,459.88,392.28,1010,30.2,0
06/02/2025 08:00:00,459.68,392.32,950,28.6,0
06/03/2025 08:00:00,458.9,392.08,910,30.8,1
06/04/2025 08:00:00,459.96,391.53,990,31.2,0
06/05/2025 08:00:00,459.85,391.53,910,30.6,0
06/06/2025 08:00:00,459.3,392.28,885,31.6,0
06/07/2025 08:00:00,459.6,392.72,990,31.2,0
06/08/2025 08:00:00,459.36,391.58,1030,30.8,0.5
06/09/2025 08:00:00,459.71,391.54,1035,29.8,0
06/10/2025 08:00:00,459.08,392.88,1052,30.6,0
06/11/2025 08:00:00,459.31,392.23,1028,31.2,0
06/12/2025 08:00:00,458.76,393.65,1017,32.5,0
06/13/2025 08:00:00,459.36,393.2,1000,31.4,0.5
06/14/2025 08:00:00,459.23,392.46,920,30.4,0
06/15/2025 08:00:00,459.54,393.12,920,31,0
06/16/2025 08:00:00,458.58,392.5,800,30.6,0
06/17/2025 08:00:00,460.33,392.2,820,31.4,0
06/18/2025 08:00:00,459.58,392.45,750,32.2,0
06/19/2025 08:00:00,459.3,391.56,845,32.6,0
06/20/2025 08:00:00,459.59,392.63,835,31.8,0
06/21/2025 08:00:00,460.61,392.38,870,32.6,2
06/22/2025 08:00:00,460.08,391.55,910,28.4,9.5
06/23/2025 08:00:00,458.8,391.66,790,29.6,0
06/24/2025 08:00:00,459.48,392.25,730,28.2,6
06/25/2025 08:00:00,458.9,393.58,810,26.4,33
06/26/2025 08:00:00,459.03,392.44,790,28,29
06/27/2025 08:00:00,459.54,392.46,750,29.4,18
06/28/2025 08:00:00,459.19,392.41,710,27.6,4.5
06/29/2025 08:00:00,459.24,390.21,677,30.2,0
06/30/2025 08:00:00,459.51,390.24,709,32.5,4
07/01/2025 08:00:00,458.98,390.91,758,29.6,1
07/02/2025 08:00:00,458.79,390.27,730,27.2,8.5
07/03/2025 08:00:00,458.7,390.24,653,29.4,1.5
07/04/2025 08:00:00,458.41,391.55,645,29.8,25
07/05/2025 08:00:00,458.55,390.24,610,30.6,0
07/06/2025 08:00:00,459.05,390.3,745,28.4,36
07/07/2025 08:00:00,458.91,392.55,610,29.6,0
07/08/2025 08:00:00,459.65,390.23,320,29.2,1.5
07/09/2025 08:00:00,459.54,390.26,620,28,29
07/10/2025 08:00:00,459.36,391.36,660,29.6,4.5
07/11/2025 08:00:00,458.39,392.34,575,29,0
07/12/2025 08:00:00,458.38,390.66,550,30.6,0
07/13/2025 08:00:00,459,390.8,525,28.6,0
07/14/2025 08:00:00,459.25,391.8,600,28.2,0
07/15/2025 08:00:00,459.2,392.2,490,30.4,12
07/16/2025 08:00:00,459.79,390.8,640,27.6,6
07/17/2025 08:00:00,459.02,391.99,915,28.2,44.5
07/18/2025 08:00:00,460.64,391.83,680,30.4,0
07/19/2025 08:00:00,458.68,390.91,720,31.6,0
07/20/2025 08:00:00,458.68,390.21,710,30.8,0
07/21/2025 08:00:00,459.95,390.9,741,28.4,10
07/22/2025 08:00:00,460.2,392.56,918,28,52
07/23/2025 08:00:00,459.25,393.57,810,28.8,8.5
07/24/2025 08:00:00,459.29,392.25,780,30.2,0
07/25/2025 08:00:00,459.25,390.9,645,30.8,0
07/26/2025 08:00:00,459.5,391.5,770,30,0
07/27/2025 08:00:00,458.75,390.92,695,29.7,1.5
07/28/2025 08:00:00,458.45,391.45,680,28.2,0
07/29/2025 08:00:00,458.34,390.91,700,29.8,6.5
07/30/2025 08:00:00,459.45,391.696,825,28.6,7
07/31/2025 08:00:00,458.68,391.66,700,30.6,0
08/01/2025 08:00:00,458.73,390.69,650,28.4,0
08/02/2025 08:00:00,458.8,391.06,590,28.2,0
08/03/2025 08:00:00,459.22,390.2,600,26.8,1
08/04/2025 08:00:00,458.65,390.4,570,27.6,12
08/05/2025 08:00:00,458.64,390.8,530,27.8,30
08/06/2025 08:00:00,459,390.8,580,27,16.5
08/07/2025 08:00:00,458.48,390.83,545,26.4,0
08/08/2025 08:00:00,459.14,390.65,528,26.8,0
08/09/2025 08:00:00,459.94,390.2,497,27.2,0
08/10/2025 08:00:00,458.16,390.24,490,26.4,3.5
08/11/2025 08:00:00,460.45,391.29,465,25.2,0
08/12/2025 08:00:00,458.7,391.53,494,24.6,0.5
08/13/2025 08:00:00,458.95,391.3,500,25.4,3.5
08/14/2025 08:00:00,458.79,390.61,620,26,75
08/15/2025 08:00:00,460.1,393.7,1350,25.6,6.5
08/16/2025 08:00:00,459.46,392.08,790,24.8,1
08/17/2025 08:00:00,459.06,391.7,660,24.2,79.5
08/18/2025 08:00:00,459.98,391.39,585,25.6,9.5
08/19/2025 08:00:00,459.01,393.08,840,25.8,1.5
08/20/2025 08:00:00,459.24,391.88,700,25.4,0
08/21/2025 08:00:00,459.43,391.51,690,25,0
08/22/2025 08:00:00,459.34,391.46,645,24.8,0
08/23/2025 08:00:00,459.14,391.24,630,24.4,0
08/24/2025 08:00:00,459.7,391.88,940,25.2,17.5
08/25/2025 08:00:00,459.34,392.43,730,25.4,0
08/26/2025 08:00:00,459.44,392.38,715,25.6,0
08/27/2025 08:00:00,458.8,390.9,625,25,15
08/28/2025 08:00:00,459.3,390.39,740,24.8,0
08/29/2025 08:00:00,458.59,390.39,640,25,1
08/30/2025 08:00:00,459.34,392.2,700,24.6,13.5
08/31/2025 08:00:00,459.09,390.38,835,24.2,30
09/01/2025 08:00:00,459.58,391.35,936,24.4,15.5
09/02/2025 08:00:00,459.95,393.3,930,24.8,0
09/03/2025 08:00:00,459.15,391.6,770,24.2,0
09/04/2025 08:00:00,459.14,391.88,900,23.8,0
09/05/2025 08:00:00,458.75,391.85,925,24.4,0
09/06/2025 08:00:00,459.38,392.72,950,22.9,0
09/07/2025 08:00:00,459.84,393.98,1120,23.6,0
09/08/2025 08:00:00,460.15,392.74,1070,23.9,0
09/09/2025 08:00:00,459.83,391.99,1015,24.2,0
09/10/2025 08:00:00,459.33,392.43,1020,22.9,0
09/11/2025 08:00:00,460.01,392.79,940,24.2,0
09/12/2025 08:00:00,459.06,391.43,950,22.8,0
09/13/2025 08:00:00,459.41,391.95,870,23.2,0
09/14/2025 08:00:00,459.56,392.34,825,22.6,0
09/15/2025 08:00:00,458.7,392.69,830,22,0
09/16/2025 08:00:00,459.43,391.7,800,22.8,1
09/17/2025 08:00:00,458.25,391.39,646,22.2,0
09/18/2025 08:00:00,458.99,390.75,693,21.8,0
09/19/2025 08:00:00,458.88,391.61,621,21.2,0
09/20/2025 08:00:00,458.86,390.74,538,22,0
09/21/2025 08:00:00,458.38,390.76,531,21.6,0
09/22/2025 08:00:00,458.4,390.76,500,21.4,0
09/23/2025 08:00:00,458.86,390.76,510,21,0
09/24/2025 08:00:00,458.3,390.76,450,21.8,0
09/25/2025 08:00:00,458.6,390.4,375,21.2,0
09/26/2025 08:00:00,459,390.08,410,21.6,0
09/27/2025 08:00:00,459.2,390.1,410,20.4,0
09/28/2025 08:00:00,458.58,390.3,270,20.8,0
09/29/2025 08:00:00,458.2,389.31,350,20.2,0
09/30/2025 08:00:00,458.45,390.05,320,20.6,0
10/01/2025 08:00:00,459.74,390.65,280,20.2,0
10/02/2025 08:00:00,458.61,390.08,290,20.8,0
10/03/2025 08:00:00,458.56,390.14,310,20.2,0
10/04/2025 08:00:00,458.6,390.14,280,20.4,0
10/05/2025 08:00:00,458.84,390.11,300,20,0
10/06/2025 08:00:00,459.08,390.11,250,18.4,50.5
10/07/2025 08:00:00,459.19,390.83,552,19.6,0
10/08/2025 08:00:00,458.75,391.45,410,19.2,0
10/09/2025 08:00:00,458.4,390.65,382,20.4,0
10/10/2025 08:00:00,458.7,390.15,340,20.2,0
10/11/2025 08:00:00,458.45,390.16,373,19.4,0
10/12/2025 08:00:00,459.06,390.1,340,18.8,0
10/13/2025 08:00:00,459.08,390.1,305,18.6,0
10/14/2025 08:00:00,458.34,389.55,300,19,0
10/15/2025 08:00:00,458.8,390.1,285,18.8,0
10/16/2025 08:00:00,458.3,390.35,280,19.4,0
10/17/2025 08:00:00,458.54,390.11,300,19.6,0
10/18/2025 08:00:00,459.1,390.06,295,19.2,0
10/19/2025 08:00:00,458.3,390.06,270,19.6,0
10/20/2025 08:00:00,458.9,390.06,230,19.2,0
10/21/2025 08:00:00,459.18,390.65,240,19.4,0
10/22/2025 08:00:00,459.43,390.08,215,19.2,0
10/23/2025 08:00:00,459.09,390.13,215,19,0
10/24/2025 08:00:00,458.9,390.54,212,18.6,0
10/25/2025 08:00:00,459.73,390.05,184,18.8,0
10/26/2025 08:00:00,459.61,390.08,180,18.2,0
10/27/2025 08:00:00,459.71,390.69,179,18,0
10/28/2025 08:00:00,459.14,390.09,200,17.8,0
10/29/2025 08:00:00,459.25,390.09,176,18.2,0
10/30/2025 08:00:00,459.16,390.08,196,18,0
10/31/2025 08:00:00,458.6,390.06,174,17.6,0
11/01/2025 08:00:00,459.05,390.06,205,17.8,0
11/02/2025 08:00:00,458.74,390.06,240,18.2,0
11/03/2025 08:00:00,459.16,390.06,190,18,0
11/04/2025 08:00:00,458.78,390.06,210,17.8,0
11/05/2025 08:00:00,459.25,390.1,210,17.6,19
11/06/2025 08:00:00,459.5,390.26,220,16.4,0
11/07/2025 08:00:00,459.4,390.12,200,16.2,0
11/08/2025 08:00:00,459.73,390.12,210,16,0
11/09/2025 08:00:00,459.28,390.12,165,15.6,0
11/10/2025 08:00:00,459.53,390.12,164,15.8,0
11/11/2025 08:00:00,458.83,390.15,170,15.2,0
11/12/2025 08:00:00,459.06,390.12,170,15,0
11/13/2025 08:00:00,459.15,390.14,165,15.2,0
11/14/2025 08:00:00,459.36,390.14,210,15.4,0
11/15/2025 08:00:00,459.08,390.08,205,15.6,0
11/16/2025 08:00:00,458.93,390.17,212,15,0
11/17/2025 08:00:00,458.8,390.15,178,15.2,0
11/18/2025 08:00:00,458.24,390.12,140,14.8,0
11/19/2025 08:00:00,458.24,390.12,140,14.2,0
11/20/2025 08:00:00,458.18,390.15,167,14.6,0
11/21/2025 08:00:00,458.16,390.15,162,14.4,0
11/22/2025 08:00:00,458.1,390.15,134,14.8,0
11/23/2025 08:00:00,457.59,390.12,153,15.2,0
11/24/2025 08:00:00,457.85,390.12,198,15.6,0
11/25/2025 08:00:00,459.11,390.14,185,15,0
11/26/2025 08:00:00,459.36,390.14,155,14.8,0
11/27/2025 08:00:00,459.16,390.32,150,14.4,0
11/28/2025 08:00:00,460.34,390.11,145,14.6,0
11/29/2025 08:00:00,460.2,390.11,150,14.8,0
11/30/2025 08:00:00,460.44,390.1,160,14.2,0
12/01/2025 08:00:00,460.78,390.08,150,14.6,0
12/02/2025 08:00:00,459.98,390.08,150,14,0
12/03/2025 08:00:00,459.08,390.08,130,14.4,0
12/04/2025 08:00:00,459.49,389.5,135,14.2,0
12/05/2025 08:00:00,459.61,390.09,125,14.6,0
12/06/2025 08:00:00,459.76,390.1,131,14,0
12/07/2025 08:00:00,459.15,389.66,139,13.4,0
12/08/2025 08:00:00,459.38,390.1,135,14.2,0
12/09/2025 08:00:00,459.79,390.08,143,14.6,0
12/10/2025 08:00:00,459.5,390.05,148,13.8,0
12/11/2025 08:00:00,458.61,390.34,146,14.2,0
12/12/2025 08:00:00,459.46,389.51,146,13.8,0
12/13/2025 08:00:00,459.44,390.04,143,13.4,0
12/14/2025 08:00:00,459.4,389.5,150,12.6,0
12/15/2025 08:00:00,460.03,390.04,127,12.8,0
12/16/2025 08:00:00,459.75,390.04,130,13.2,0
12/17/2025 08:00:00,458.89,390.08,150,13.6,0
12/18/2025 08:00:00,459.11,390.08,130,12.8,0
12/19/2025 08:00:00,459.14,389.27,130,12.2,0
12/20/2025 08:00:00,459.99,389.27,135,12.6,0
12/21/2025 08:00:00,459.04,389.99,145,11.6,5
12/22/2025 08:00:00,458.96,390.39,165,12.4,5
12/23/2025 08:00:00,459.2,390.59,180,12.8,0
12/24/2025 08:00:00,459.48,389.22,180,12.2,0
12/25/2025 08:00:00,459.24,389.22,165,12.6,0
12/26/2025 08:00:00,458.8,389.23,146,12,0
12/27/2025 08:00:00,459.48,390.44,180,12.8,0
12/28/2025 08:00:00,459.21,390.5,192,12.6,0
12/29/2025 08:00:00,459.48,390.48,191,12,0
12/30/2025 08:00:00,459.64,389.8,186,12.4,0
12/31/2025 08:00:00,460.1,390.56,185,12,0
01/01/2026 08:00:00,459.86,389.44,121,11.6,0
01/02/2026 08:00:00,459.92,390.02,180,11.2,0
01/03/2026 08:00:00,460.06,390.5,160,12,0
01/04/2026 08:00:00,459.03,389.65,185,10.7,0
01/05/2026 08:00:00,459.51,390.64,185,10.9,0
01/06/2026 08:00:00,459.59,390.01,135,10.4,0
01/07/2026 08:00:00,458.95,390.76,140,10.8,0
01/08/2026 08:00:00,458.8,390.66,134,10.7,0
01/09/2026 08:00:00,458.78,390.78,135,10.4,0
01/10/2026 08:00:00,459.1,390.54,130,10.2,0
01/11/2026 08:00:00,458.5,390.09,125,10.5,0
01/12/2026 08:00:00,458.61,390.05,122,10.8,0
01/13/2026 08:00:00,458.79,389.26,125,10.2,0
01/14/2026 08:00:00,459.09,389.22,134,9.6,0
01/15/2026 08:00:00,459.11,390.05,126,10,0
01/16/2026 08:00:00,458.41,389.27,111,9.2,0
01/17/2026 08:00:00,458.21,390.06,92,9.6,0
01/18/2026 08:00:00,458.43,389.26,116,10.2,0
01/19/2026 08:00:00,458.6,390.12,107,9.4,0
01/20/2026 08:00:00,458.8,390.06,110,9.8,0
01/21/2026 08:00:00,459.31,390.06,110,10.2,0
01/22/2026 08:00:00,459.06,389.25,105,10,0
01/23/2026 08:00:00,458.8,390.2,175,8.2,46
01/24/2026 08:00:00,458.91,390.48,130,10.2,0
01/25/2026 08:00:00,458.85,390.08,110,9.6,0
01/26/2026 08:00:00,458.49,390.46,150,9.2,0
01/27/2026 08:00:00,458.74,389.3,160,8.4,10
01/28/2026 08:00:00,459.96,390.09,185,9,0
01/29/2026 08:00:00,459.81,390.65,170,9.6,0
01/30/2026 08:00:00,460.19,389.44,200,9.2,0
01/31/2026 08:00:00,460.32,389.5,178,9.8,0
02/01/2026 08:00:00,460.39,390,190,9,0
02/02/2026 08:00:00,460.23,390.65,185,9.6,0
02/03/2026 08:00:00,459.45,389.44,165,10.2,0
02/04/2026 08:00:00,460.18,390.05,180,10,0
02/05/2026 08:00:00,460.19,391.75,148,10.6,0
02/06/2026 08:00:00,460.11,389.25,174,10.8,0
02/07/2026 08:00:00,460.24,390.01,191,11.6,0
02/08/2026 08:00:00,460.01,389.31,141,12.4,0
02/09/2026 08:00:00,459.49,390.1,185,12.8,0
02/10/2026 08:00:00,459.55,390.02,175,13.2,2
02/11/2026 08:00:00,459.89,389.91,220,13.6,0
02/12/2026 08:00:00,460.57,390.27,225,14.2,0
02/13/2026 08:00:00,460.59,390.33,210,14,0
02/14/2026 08:00:00,460.82,390.19,215,13.8,0
02/15/2026 08:00:00,459.23,390.11,190,14.6,0
02/16/2026 08:00:00,459.51,390.24,230,14.8,0
02/17/2026 08:00:00,459.94,390.14,185,15.2,0
02/18/2026 08:00:00,460.46,390.14,190,16.4,0
02/19/2026 08:00:00,460.59,390.21,215,16,0
02/20/2026 08:00:00,460.43,390.14,202,16.8,0
02/21/2026 08:00:00,460.54,390.11,210,17.4,0
02/22/2026 08:00:00,460.13,391.27,225,17,0
02/23/2026 08:00:00,460.08,390.23,245,17.8,0
02/24/2026 08:00:00,460.27,389.88,245,18.2,0
02/25/2026 08:00:00,460.04,390.15,206,17.6,0
02/26/2026 08:00:00,459.5,389.23,252,18,0
02/27/2026 08:00:00,459.16,389.16,238,18.6,0
02/28/2026 08:00:00,460,390.23,223,17.8,0
03/01/2026 08:00:00,460.1,390.33,240,18,0
03/02/2026 08:00:00,460,390.33,235,16.9,0
03/03/2026 08:00:00,460.19,390.14,210,19.3,0
03/04/2026 08:00:00,459.16,389.27,210,17.6,0
03/05/2026 08:00:00,459.18,389.17,220,20.7,0
03/06/2026 08:00:00,458.38,389.11,270,18.5,0
03/07/2026 08:00:00,458.55,389.11,260,19.6,0
03/08/2026 08:00:00,460.59,389.11,280,23.9,0
03/09/2026 08:00:00,460.18,389.88,250,19.3,0
03/10/2026 08:00:00,460.25,389.9,270,20.2,0.5
03/11/2026 08:00:00,460.44,390.45,455,18.2,1
03/12/2026 08:00:00,460,391.45,560,14.9,3
03/13/2026 08:00:00,459.45,390.45,580,22.5,0
03/14/2026 08:00:00,459.76,390.55,460,22.8,0
03/15/2026 08:00:00,459.77,390.85,410,10.9,5
03/16/2026 08:00:00,460.2,390.9,411,11.6,5
03/17/2026 08:00:00,459.78,391.63,412,13.1,0
03/18/2026 08:00:00,459.81,391.3,328,15.4,7.5
03/19/2026 08:00:00,459.78,390.6,335,12.4,12
03/20/2026 08:00:00,458.99,390.95,389,13.7,1.5
03/21/2026 08:00:00,459.33,391.85,490,12.7,13
03/22/2026 08:00:00,458.44,390.31,450,14.5,0
03/23/2026 08:00:00,459.19,389.88,380,16.8,0
03/24/2026 08:00:00,458.69,389.08,410,16.1,0
03/25/2026 08:00:00,458.57,389.08,380,16.7,0
03/26/2026 08:00:00,459.53,389.16,375,20.3,0
03/27/2026 08:00:00,458.83,389.07,380,18.3,0
03/28/2026 08:00:00,459.21,389.05,400,17.4,0
03/29/2026 08:00:00,459.18,389.05,440,16.7,0
03/30/2026 08:00:00,458.28,389.84,480,18.8,0
03/31/2026 08:00:00,459.68,393.1,1100,18.8,43.5
04/01/2026 08:00:00,459.01,393.48,1130,17.3,0
04/02/2026 08:00:00,459.06,391.02,840,20.6,0
04/03/2026 08:00:00,458.73,391.46,725,17.3,17
04/04/2026 08:00:00,459.2,392.4,1040,14.7,34.5
04/05/2026 08:00:00,460.65,393.67,1280,17,4
04/06/2026 08:00:00,460.1,393.18,1145,16.1,4
04/07/2026 08:00:00,460.21,393.78,923,15.3,28.5
04/08/2026 08:00:00,459.2,391.75,945,11.2,23.5
04/09/2026 08:00:00,459.05,391.98,945,12,31
04/10/2026 08:00:00,458.38,391.93,860,16.2,0
04/11/2026 08:00:00,458.38,392.63,800,15.9,0
04/12/2026 08:00:00,459.48,391.06,700,19.8,0
04/13/2026 08:00:00,458.3,391.84,660,18.1,0
04/14/2026 08:00:00,459.51,391.38,625,19.2,0
04/15/2026 08:00:00,458.36,392.38,670,22.7,0
04/16/2026 08:00:00,458.56,391.43,640,20.2,0
04/17/2026 08:00:00,458.93,391.21,645,21.7,0
04/18/2026 08:00:00,458.55,391.23,780,22.1,0.5
04/19/2026 08:00:00,460.01,391.88,930,24.8,0
04/20/2026 08:00:00,460.45,393.59,1160,26.3,0
04/21/2026 08:00:00,458.38,392.18,980,26.5,0
04/22/2026 08:00:00,458.2,391.2,930,25.6,0
04/23/2026 08:00:00,458.65,392.88,940,28.1,0
04/24/2026 08:00:00,458.6,392.54,900,27.6,0
04/25/2026 08:00:00,458.68,393.79,1060,29.4,0
04/26/2026 08:00:00,458.98,393.71,1100,25.1,0
04/27/2026 08:00:00,460.17,393.59,1108,27.7,0
04/28/2026 08:00:00,459.9,393.05,1049,28.2,0
04/29/2026 08:00:00,459.74,392.93,1033,18.5,0
04/30/2026 08:00:00,460.05,393.49,1050,25.7,0
05/01/2026 08:00:00,459.98,391.88,1020,22.6,12
05/02/2026 08:00:00,459.91,393.63,1115,23.9,0
05/03/2026 08:00:00,460.2,393.21,1100,21.2,4.5
05/04/2026 08:00:00,458.94,393.68,1000,23.6,0
05/05/2026 08:00:00,459.14,392.6,980,20.5,1.5
05/06/2026 08:00:00,458.7,392.46,890,21.7,0
05/07/2026 08:00:00,458.74,392.15,905,23.9,0
05/08/2026 08:00:00,459.33,391.76,945,23.5,0
05/09/2026 08:00:00,458.66,391.76,1010,25.6,0
05/10/2026 08:00:00,459.1,392.76,1050,25.3,0.5
05/11/2026 08:00:00,459.8,393.64,1140,23.2,0
05/12/2026 08:00:00,459.94,393.64,1220,25.2,0
05/13/2026 08:00:00,460.74,393.61,1170,26,0
05/14/2026 08:00:00,459.14,392.38,1040,26,2
05/15/2026 08:00:00,459.04,393.38,965,24.8,0
05/16/2026 08:00:00,460.13,392.65,1038,29.6,0
05/17/2026 08:00:00,459.98,392.71,1044,26.5,0
05/18/2026 08:00:00,459.95,390.91,1115,28,0
05/19/2026 08:00:00,460.83,393.58,1194,30,0
05/20/2026 08:00:00,460.5,393.55,1200,30.1,0
05/21/2026 08:00:00,460.53,393.7,1352,30.6,0
05/22/2026 08:00:00,460.94,393.79,1350,26.3,0
05/23/2026 08:00:00,460.42,394.08,1240,25.7,0
05/24/2026 08:00:00,460.63,394.02,1210,29.4,0
05/25/2026 08:00:00,460.48,394.01,1140,29.1,0
05/26/2026 08:00:00,459.6,393.63,1190,30,0
05/27/2026 08:00:00,458.46,393.04,1160,30.4,0
05/28/2026 08:00:00,459.16,393.21,1060,30.9,0
05/29/2026 08:00:00,459.38,394.08,1120,28.8,0
05/30/2026 08:00:00,459.22,394.07,1120,25.6,0
05/31/2026 08:00:00,460.34,393.99,1122,24,0
06/01/2026 08:00:00,458.95,394.1,1160,26.2,0
06/02/2026 08:00:00,460.05,392.7,1300,26.4,0
06/03/2026 08:00:00,460.57,393.96,1240,25.4,1.5
06/04/2026 08:00:00,460.39,393.98,1120,19.4,17.5
06/05/2026 08:00:00,460.5,393.95,1068,25,18.5
06/06/2026 08:00:00,458.86,392.19,977,27.5,0
06/07/2026 08:00:00,458.51,393.43,902,28.3,0
06/08/2026 08:00:00,458.29,392.46,908,28.4,0
06/09/2026 08:00:00,458.9,391.75,900,33.4,0
06/10/2026 08:00:00,459.43,392.52,1040,28.5,0
06/11/2026 08:00:00,460.25,393.88,1050,31.9,0
06/12/2026 08:00:00,459.9,392.15,1020,24.5,0
06/13/2026 08:00:00,459.91,392.48,900,25.3,0
06/14/2026 08:00:00,459.5,391.6,900,26,0
06/15/2026 08:00:00,459.22,393.05,870,26.9,0
06/16/2026 08:00:00,459.5,393.3,910,27,0
06/17/2026 08:00:00,459.64,392.56,990,28.4,0
06/18/2026 08:00:00,459.59,392.3,995,25.9,0
06/19/2026 08:00:00,459.9,392.12,870,28.5,61
06/20/2026 08:00:00,458.2,393.6,840,28.1,0
06/21/2026 08:00:00,458.76,392.98,830,27,25.5
06/22/2026 08:00:00,458.13,393.98,820,21.9,25.5
06/23/2026 08:00:00,459.15,393.98,800,26.5,0
06/24/2026 08:00:00,458.54,392.34,806,29.9,0
06/25/2026 08:00:00,459.52,391.81,1000,22.3,0
06/26/2026 08:00:00,459.75,393.65,1010,29.7,0
06/27/2026 08:00:00,459.64,393.96,1081,31.8,0
06/28/2026 08:00:00,458.98,393.04,1101,30.2,0
06/29/2026 08:00:00,459.4,392.96,1000,30.3,0
06/30/2026 08:00:00,459.46,393.04,1080,32.1,0
07/01/2026 08:00:00,458.5,394.05,1090,21.6,36.5
07/02/2026 08:00:00,460.32,393.75,1100,26.4,41
07/03/2026 08:00:00,460.45,393.55,1030,29.6,0
07/04/2026 08:00:00,460.4,393,980,29.8,0
07/05/2026 08:00:00,460.8,393.8,1100,30.6,7.5
07/06/2026 08:00:00,459.1,393.94,880,28.9,46
07/07/2026 08:00:00,458.9,393.46,850,27.8,0
07/08/2026 08:00:00,458.46,392.55,800,29.6,15.5
07/09/2026 08:00:00,459.93,392.56,800,26.7,0.5
07/10/2026 08:00:00,458.25,392.15,760,29.1,0
07/11/2026 08:00:00,459.1,391.66,835,23.2,17
07/12/2026 08:00:00,458.26,392.6,750,21.8,23.5
07/13/2026 08:00:00,458.35,392.29,750,26.7,0
07/14/2026 08:00:00,458.33,392.08,713,26.9,0
07/15/2026 08:00:00,458.43,392.28,658,28.3,0
07/16/2026 08:00:00,458.68,391.67,675,27.1,0
07/17/2026 08:00:00,458.58,392.91,660,29.6,0
07/18/2026 08:00:00,458.73,392.59,688,30.2,0
07/19/2026 08:00:00,459.11,391.6,870,27.8,0
07/20/2026 08:00:00,460.75,394.44,1700,22.8,88.5
07/21/2026 08:00:00,460.92,393.98,1318,22.9,127.5
07/22/2026 08:00:00,460.5,394.02,1200,25.3,57.5
07/23/2026 08:00:00,460.88,394.4,1420,24.3,23.5
07/24/2026 08:00:00,460.6,394.04,1280,25.6,0
07/25/2026 08:00:00,459.94,393.95,1120,25.9,0.5
07/26/2026 08:00:00,460.54,394.03,1135,26.5,18
07/27/2026 08:00:00,460.71,393.99,1240,29.5,0
07/28/2026 08:00:00,460.61,393.99,1250,29.4,6
07/29/2026 08:00:00,460.48,393.97,1225,23.8,8
07/30/2026 08:00:00,460.32,394.03,1200,29.5,0
07/31/2026 08:00:00,460.11,394.03,1180,25.4,5.5
08/01/2026 08:00:00,460.29,394.03,1180,25.4,0
08/02/2026 08:00:00,459.69,392.8,1160,27.8,0
08/03/2026 08:00:00,459.5,393.95,1202,26.1,0
08/04/2026 08:00:00,460.14,393.5,1088,26.3,0.5
08/05/2026 08:00:00,460.29,393.4,1098,28.6,14.5
08/06/2026 08:00:00,460.69,392.78,1105,26,0
08/07/2026 08:00:00,460.44,393.64,1044,27.1,11
08/08/2026 08:00:00,459.05,393.43,900,28.6,0
08/09/2026 08:00:00,459.71,392.95,930,26,0
08/10/2026 08:00:00,459.06,393.16,910,28.6,0
08/11/2026 08:00:00,458.71,391.61,820,27.3,0
08/12/2026 08:00:00,458.64,391.64,740,26.2,0
08/13/2026 08:00:00,458.96,390.96,780,28.3,0
08/14/2026 08:00:00,458.3,391.61,760,26.5,1.5
08/15/2026 08:00:00,458.87,391.54,750,25,0
08/16/2026 08:00:00,458.66,391.58,720,27.1,0
08/17/2026 08:00:00,458.75,391.48,680,25.1,0
08/18/2026 08:00:00,458.7,391.54,680,26.9,0
08/19/2026 08:00:00,458.7,391.61,650,19.5,1.5
08/20/2026 08:00:00,458.68,391.6,630,23.8,5.5
08/21/2026 08:00:00,458.64,391.65,600,24.8,3.5
08/22/2026 08:00:00,458.64,391.65,600,25.9,0
08/23/2026 08:00:00,459.05,391.55,610,23.3,3
08/24/2026 08:00:00,458.53,391.98,570,28,0
08/25/2026 08:00:00,458.58,390.91,559,28,0
08/26/2026 08:00:00,459.36,390.94,539,28,0
08/27/2026 08:00:00,458.65,391.17,552,28.9,0
08/28/2026 08:00:00,458.61,390.91,500,26.7,0
08/29/2026 08:00:00,458.56,390.91,510,28.2,0
08/30/2026 08:00:00,458.65,390.9,450,28.2,25.5
08/31/2026 08:00:00,458.75,390.9,505,24.8,0
09/01/2026 08:00:00,459.04,391.69,490,,49
