date,reservoir_level,tailwater,inflow,rainfall,temperature
2019-01-01,,,134.0,1.5,10.8
2019-01-02,,,130.0,0.0,10.6
2019-01-03,,,135.0,0.0,10.6
2019-01-04,,,158.0,3.0,9.8
2019-01-05,,,142.0,1.0,8.8
2019-01-06,,,195.0,0.0,9.1
2019-01-07,,,159.0,0.0,9.4
2019-01-08,,,146.0,0.0,10.8
2019-01-09,,,154.0,0.0,11.5
2019-01-10,,,154.0,0.0,10.8
2019-01-11,,,141.0,3.0,11.7
2019-01-12,,,171.0,5.0,9.5
2019-01-13,,,195.0,0.0,8.5
2019-01-14,,,154.0,0.0,9.6
2019-01-15,,,167.0,0.0,9.8
2019-01-16,,,153.0,0.0,9.9
2019-01-17,,,179.0,0.0,11.8
2019-01-18,,,197.0,0.0,10.5
2019-01-19,,,173.0,0.0,15.2
2019-01-20,,,158.0,10.0,12.6
2019-01-21,,,171.0,24.5,9.9
2019-01-22,,,308.0,19.0,8.1
2019-01-23,,,273.0,0.0,8.6
2019-01-24,,,279.0,0.0,8.9
2019-01-25,,,258.0,0.0,8.2
2019-01-26,,,252.0,0.0,8.6
2019-01-27,,,244.0,0.0,9.3
2019-01-28,,,226.0,0.0,9.8
2019-01-29,,,220.0,0.0,10.8
2019-01-30,,,209.0,9.0,9.9
2019-01-31,,,220.0,14.0,8.2
2019-02-01,,,215.0,0.0,9.2
2019-02-02,,,294.0,0.0,11.6
2019-02-03,,,261.0,0.0,14.4
2019-02-04,,,228.0,0.0,12.0
2019-02-05,,,248.0,0.5,13.2
2019-02-06,,,248.0,7.0,10.4
2019-02-07,,,285.0,14.0,8.2
2019-02-08,,,309.0,0.0,9.6
2019-02-09,,,284.0,0.0,11.6
2019-02-10,,,351.0,0.0,12.0
2019-02-11,,,296.0,0.0,13.6
2019-02-12,,,294.0,0.0,12.9
2019-02-13,,,313.0,0.0,15.1
2019-02-14,,,377.0,23.0,10.9
2019-02-15,,,399.0,0.0,12.0
2019-02-16,,,403.0,0.0,12.9
2019-02-17,,,373.0,3.5,12.1
2019-02-18,,,381.0,0.0,10.4
2019-02-19,,,424.0,0.0,11.6
2019-02-20,,,389.0,49.5,12.2
2019-02-21,,,878.0,28.5,10.0
2019-02-22,,,824.0,0.0,11.3
2019-02-23,,,644.0,0.0,12.6
2019-02-24,,,614.0,0.0,12.9
2019-02-25,,,524.0,1.0,11.6
2019-02-26,,,562.0,16.5,8.0
2019-02-27,,,541.0,0.0,9.1
2019-02-28,,,483.0,0.0,10.9
2019-03-01,,,457.0,0.5,11.1
2019-03-02,,,403.0,21.0,9.3
2019-03-03,,,524.0,0.5,9.8
2019-03-04,,,504.0,2.5,12.0
2019-03-05,,,460.0,0.0,12.8
2019-03-06,,,450.0,1.5,15.1
2019-03-07,,,462.0,1.5,12.7
2019-03-08,,,490.0,0.0,13.3
2019-03-09,,,415.0,0.0,15.1
2019-03-10,,,429.0,0.0,16.0
2019-03-11,,,443.0,39.0,11.8
2019-03-12,,,776.0,0.0,13.4
2019-03-13,,,570.0,0.0,13.7
2019-03-14,,,550.0,0.0,12.9
2019-03-15,,,464.0,0.0,14.7
2019-03-16,,,471.0,0.0,16.7
2019-03-17,,,471.0,0.0,17.9
2019-03-18,,,485.0,0.0,17.3
2019-03-19,,,490.0,5.5,15.0
2019-03-20,,,681.0,0.0,15.1
2019-03-21,,,744.0,0.0,17.4
2019-03-22,,,638.0,0.0,19.0
2019-03-23,,,641.0,0.0,16.5
2019-03-24,,,630.0,0.0,17.6
2019-03-25,,,608.0,0.0,19.9
2019-03-26,,,708.0,29.5,20.2
2019-03-27,,,705.0,0.0,20.7
2019-03-28,,,750.0,0.0,22.4
2019-03-29,,,847.0,0.0,22.4
2019-03-30,,,1000.0,0.0,21.9
2019-03-31,,,1040.0,0.0,21.9
2019-04-01,,,1020.0,0.0,23.7
2019-04-02,,,999.0,0.0,23.3
2019-04-03,,,1040.0,0.0,24.3
2019-04-04,,,1110.0,0.0,24.8
2019-04-05,,,1280.0,0.0,25.9
2019-04-06,,,1330.0,0.0,25.7
2019-04-07,,,1400.0,0.0,24.8
2019-04-08,,,1440.0,0.0,24.9
2019-04-09,,,1430.0,26.0,24.7
2019-04-10,,,1480.0,0.0,23.1
2019-04-11,,,1740.0,0.0,23.8
2019-04-12,,,1500.0,2.5,24.6
2019-04-13,,,1620.0,0.0,22.6
2019-04-14,,,1670.0,0.0,22.1
2019-04-15,,,1550.0,1.0,24.4
2019-04-16,,,1470.0,26.0,20.9
2019-04-17,,,1560.0,7.5,16.2
2019-04-18,,,1600.0,1.0,18.5
2019-04-19,,,1460.0,0.0,20.2
2019-04-20,,,1450.0,0.0,22.5
2019-04-21,,,1520.0,0.0,24.4
2019-04-22,,,1510.0,0.0,26.1
2019-04-23,,,1550.0,21.0,27.9
2019-04-24,,,1600.0,1.5,22.1
2019-04-25,,,1760.0,5.0,24.7
2019-04-26,,,1870.0,0.0,24.0
2019-04-27,,,1810.0,0.0,25.9
2019-04-28,,,1640.0,0.0,26.0
2019-04-29,,,1630.0,1.5,25.5
2019-04-30,,,1530.0,0.0,25.8
2019-05-01,397.76,395.74,1510.0,0.0,26.7
2019-05-02,397.51,395.61,1460.0,0.0,25.9
2019-05-03,397.37,395.44,1410.0,0.0,23.7
2019-05-04,396.84,394.91,1260.0,0.0,26.6
2019-05-05,396.47,394.54,1180.0,0.0,26.4
2019-05-06,396.46,394.63,1180.0,0.0,27.5
2019-05-07,396.55,394.68,1180.0,0.0,27.8
2019-05-08,396.71,394.79,1230.0,0.0,30.0
2019-05-09,396.49,394.54,1170.0,0.0,30.3
2019-05-10,396.88,394.96,1290.0,0.5,29.1
2019-05-11,396.62,394.69,1220.0,0.5,24.3
2019-05-12,396.76,394.91,1280.0,0.0,27.5
2019-05-13,396.42,394.55,1180.0,0.0,26.3
2019-05-14,396.76,394.92,1280.0,0.0,25.4
2019-05-15,396.67,394.77,1240.0,0.0,26.1
2019-05-16,396.67,394.73,1220.0,0.0,23.5
2019-05-17,396.7,394.74,1230.0,13.5,22.7
2019-05-18,397.23,395.25,1390.0,0.0,24.0
2019-05-19,396.69,394.79,1230.0,17.5,26.3
2019-05-20,396.63,394.72,1190.0,0.0,25.8
2019-05-21,397.44,395.47,1420.0,0.0,28.8
2019-05-22,397.14,395.19,1360.0,1.0,28.7
2019-05-23,397.08,395.17,1350.0,16.5,24.5
2019-05-24,397.4,395.49,1410.0,20.5,21.2
2019-05-25,397.72,395.76,1520.0,0.0,23.1
2019-05-26,397.32,395.45,1420.0,0.0,26.3
2019-05-27,397.05,395.17,1330.0,0.0,29.3
2019-05-28,396.74,394.85,1250.0,0.0,30.0
2019-05-29,396.91,394.93,1280.0,0.0,30.7
2019-05-30,397.28,395.33,1320.0,0.0,31.7
2019-05-31,397.49,395.59,1460.0,0.0,33.5
2019-06-01,397.52,395.55,1440.0,0.0,33.9
2019-06-02,397.69,395.69,1510.0,1.0,32.7
2019-06-03,397.68,395.66,1490.0,0.0,31.5
2019-06-04,397.68,395.68,1490.0,0.0,29.5
2019-06-05,397.96,395.93,1550.0,0.0,30.2
2019-06-06,397.59,395.62,1480.0,0.0,28.6
2019-06-07,397.13,395.2,1350.0,0.0,29.8
2019-06-08,396.83,394.85,1270.0,0.0,31.8
2019-06-09,396.93,395.04,1300.0,0.0,32.9
2019-06-10,397.16,395.22,1350.0,1.0,33.3
2019-06-11,397.67,395.7,1480.0,7.5,30.6
2019-06-12,398.89,396.8,1820.0,0.0,27.3
2019-06-13,400.15,397.86,2230.0,0.0,30.5
2019-06-14,398.71,396.64,1820.0,0.0,32.5
2019-06-15,398.57,396.52,1760.0,1.0,31.2
2019-06-16,398.21,396.17,1660.0,0.0,31.7
2019-06-17,397.22,395.21,1370.0,0.0,30.7
2019-06-18,398.28,396.22,1520.0,0.0,27.5
2019-06-19,397.94,395.93,1580.0,36.0,27.7
2019-06-20,397.93,395.94,1580.0,2.0,24.2
2019-06-21,397.92,395.9,1590.0,0.0,28.1
2019-06-22,397.52,395.57,1470.0,2.0,30.1
2019-06-23,397.49,395.44,1430.0,9.5,27.3
2019-06-24,397.9,395.92,1590.0,0.0,27.4
2019-06-25,398.07,396.0,1600.0,0.0,29.8
2019-06-26,397.22,395.29,1390.0,0.0,31.9
2019-06-27,397.65,395.61,1500.0,0.0,32.2
2019-06-28,397.43,395.42,1460.0,0.0,33.2
2019-06-29,397.78,395.7,1460.0,8.5,32.7
2019-06-30,397.8,395.78,1520.0,0.0,30.8
2019-07-01,397.57,395.61,1500.0,0.0,33.0
2019-07-02,397.2,395.26,1400.0,0.0,32.6
2019-07-03,397.4,395.44,1450.0,0.0,34.5
2019-07-04,398.21,396.21,1630.0,6.5,33.6
2019-07-05,398.47,396.45,1750.0,0.5,29.6
2019-07-06,398.39,396.33,1730.0,0.0,28.2
2019-07-07,397.86,395.86,1590.0,4.0,29.3
2019-07-08,398.44,396.42,1770.0,80.5,29.6
2019-07-09,398.65,396.63,1850.0,14.0,26.1
2019-07-10,399.21,397.0,1970.0,12.5,27.4
2019-07-11,398.6,396.52,1790.0,3.0,26.8
2019-07-12,398.47,396.41,1780.0,9.0,27.8
2019-07-13,398.23,396.24,1730.0,2.5,26.8
2019-07-14,397.95,395.83,1590.0,4.0,26.7
2019-07-15,398.57,396.56,1830.0,0.0,24.9
2019-07-16,397.63,395.56,1500.0,6.5,26.3
2019-07-17,397.54,395.46,1480.0,0.0,25.7
2019-07-18,397.45,395.45,1460.0,11.5,26.7
2019-07-19,396.93,394.94,1320.0,0.5,25.9
2019-07-20,397.05,395.06,1370.0,0.0,28.2
2019-07-21,397.08,395.07,1250.0,0.0,28.3
2019-07-22,397.4,395.39,1470.0,71.5,29.0
2019-07-23,396.69,394.73,1290.0,0.0,28.1
2019-07-24,396.98,394.93,1310.0,29.5,30.2
2019-07-25,397.7,395.64,1530.0,2.0,30.5
2019-07-26,397.1,395.09,1300.0,2.5,29.7
2019-07-27,396.52,394.32,1140.0,11.5,28.8
2019-07-28,396.79,394.79,1280.0,3.5,27.9
2019-07-29,396.77,394.69,1250.0,0.0,30.5
2019-07-30,396.56,394.56,1230.0,66.5,25.9
2019-07-31,397.55,395.4,1450.0,56.5,25.5
2019-08-01,397.33,395.39,1510.0,6.0,24.2
2019-08-02,397.3,395.19,1370.0,0.0,26.6
2019-08-03,396.75,394.73,1250.0,0.5,27.2
2019-08-04,397.37,395.03,1280.0,0.0,28.8
2019-08-05,397.55,395.4,1180.0,29.5,28.5
2019-08-06,397.64,395.25,1190.0,74.0,26.0
2019-08-07,397.13,395.1,1390.0,29.5,25.3
2019-08-08,397.24,394.76,1140.0,0.0,28.8
2019-08-09,396.91,394.54,1150.0,10.0,27.4
2019-08-10,396.55,394.16,1380.0,17.0,25.8
2019-08-11,396.9,394.74,1270.0,0.5,28.0
2019-08-12,396.56,394.31,1150.0,0.0,29.3
2019-08-13,396.3,394.23,1100.0,64.5,27.8
2019-08-14,397.24,394.76,1250.0,6.0,24.6
2019-08-15,396.91,394.54,1180.0,0.0,27.7
2019-08-16,396.55,394.16,1070.0,4.5,27.3
2019-08-17,397.28,395.03,1240.0,0.0,25.5
2019-08-18,396.69,394.31,1110.0,8.5,26.4
2019-08-19,396.27,393.79,996.0,0.0,25.9
2019-08-20,396.19,393.78,987.0,0.0,26.6
2019-08-21,395.68,393.38,850.0,0.5,27.1
2019-08-22,395.39,393.46,891.0,0.0,27.6
2019-08-23,395.3,393.0,832.0,0.0,27.1
2019-08-24,395.29,392.96,821.0,0.0,28.7
2019-08-25,395.26,392.94,800.0,66.5,27.6
2019-08-26,395.25,393.27,886.0,0.0,24.1
2019-08-27,395.1,392.6,726.0,0.0,27.2
2019-08-28,395.05,392.49,710.0,0.0,29.3
2019-08-29,395.01,392.42,697.0,2.0,29.3
2019-08-30,394.93,392.27,679.0,0.0,27.8
2019-08-31,394.76,392.25,646.0,0.0,27.5
2019-09-01,393.28,392.32,665.0,1.0,28.3
2019-09-02,393.28,392.21,633.0,0.0,26.6
2019-09-03,394.11,391.94,572.0,0.0,28.6
2019-09-04,394.03,391.88,550.0,0.0,29.3
2019-09-05,393.92,391.71,521.0,0.0,28.0
2019-09-06,393.85,391.69,531.0,4.5,27.3
2019-09-07,393.45,391.61,495.0,0.0,26.5
2019-09-08,393.38,391.59,457.0,15.0,27.1
2019-09-09,393.6,391.53,493.0,0.0,28.2
2019-09-10,393.26,391.09,443.0,0.0,28.9
2019-09-11,394.2,391.22,426.0,0.0,29.4
2019-09-12,394.11,391.1,419.0,0.0,29.2
2019-09-13,393.94,390.8,395.0,0.0,27.8
2019-09-14,393.99,390.87,399.0,0.0,26.6
2019-09-15,393.96,390.66,397.0,0.5,27.5
2019-09-16,393.39,390.44,326.0,0.0,25.6
2019-09-17,392.37,390.42,357.0,0.0,26.1
2019-09-18,392.26,390.36,347.0,0.0,26.3
2019-09-19,392.08,390.36,311.0,2.5,25.6
2019-09-20,393.93,390.43,395.0,0.0,23.6
2019-09-21,392.21,390.36,319.0,0.0,24.8
2019-09-22,392.36,390.36,336.0,1.0,25.7
2019-09-23,392.08,390.36,315.0,0.5,25.1
2019-09-24,392.02,390.36,308.0,20.0,25.6
2019-09-25,392.08,390.52,321.0,0.0,25.0
2019-09-26,392.35,390.36,349.0,57.5,25.8
2019-09-27,392.36,390.74,389.0,3.0,23.8
2019-09-28,391.96,390.36,289.0,0.5,23.7
2019-09-29,391.92,390.36,277.0,0.0,22.5
2019-09-30,391.93,390.36,282.0,22.5,22.7
2019-10-01,392.21,390.41,339.0,0.0,22.6
2019-10-02,392.2,390.35,332.0,0.0,22.8
2019-10-03,391.96,390.35,287.0,3.0,20.4
2019-10-04,391.84,390.35,277.0,0.0,20.9
2019-10-05,392.1,390.36,308.0,0.0,22.1
2019-10-06,391.89,391.77,281.0,0.0,20.8
2019-10-07,391.76,391.63,263.0,0.0,22.5
2019-10-08,391.89,389.65,269.0,0.0,21.9
2019-10-09,391.93,389.9,289.0,0.0,21.8
2019-10-10,391.86,389.67,271.0,0.0,22.2
2019-10-11,392.08,389.95,309.0,0.0,22.0
2019-10-12,391.8,389.49,257.0,0.0,22.2
2019-10-13,391.83,389.47,257.0,0.0,22.5
2019-10-14,391.81,389.55,260.0,0.0,23.1
2019-10-15,391.72,389.38,248.0,0.0,23.2
2019-10-16,391.81,389.63,273.0,0.0,23.0
2019-10-17,391.72,389.37,244.0,6.0,22.5
2019-10-18,391.75,389.64,269.0,0.5,18.7
2019-10-19,391.89,389.72,281.0,0.0,19.6
2019-10-20,391.77,389.58,266.0,0.0,19.8
2019-10-21,391.43,389.49,257.0,0.0,20.1
2019-10-22,391.43,389.38,253.0,0.0,20.2
2019-10-23,391.38,389.3,242.0,0.0,20.2
2019-10-24,391.2,389.03,220.0,0.0,20.7
2019-10-25,391.13,388.94,208.0,0.0,19.8
2019-10-26,391.12,388.97,209.0,0.0,19.7
2019-10-27,391.11,388.96,200.0,0.0,20.1
2019-10-28,391.08,388.98,200.0,0.0,20.0
2019-10-29,391.08,388.95,197.0,0.0,20.0
2019-10-30,391.07,388.94,197.0,0.0,20.2
2019-10-31,391.07,388.94,195.0,0.0,21.2
2019-11-01,391.05,388.95,197.0,0.0,19.0
2019-11-02,391.03,388.91,194.0,0.0,20.6
2019-11-03,391.07,388.95,197.0,0.0,20.3
2019-11-04,390.85,388.63,166.0,0.0,19.0
2019-11-05,390.78,388.61,156.0,23.5,19.2
2019-11-06,391.1,389.13,195.0,49.5,14.5
2019-11-07,391.54,392.0,557.0,0.5,12.9
2019-11-08,391.5,391.54,462.0,0.0,14.8
2019-11-09,391.59,391.27,434.0,0.0,18.0
2019-11-10,391.72,390.68,343.0,0.0,17.1
2019-11-11,391.62,390.9,373.0,0.0,16.5
2019-11-12,391.65,390.49,339.0,0.0,16.6
2019-11-13,391.61,390.48,353.0,0.0,17.1
2019-11-14,391.62,390.28,334.0,1.0,17.9
2019-11-15,392.9,390.71,381.0,0.5,15.9
2019-11-16,393.59,391.75,555.0,3.0,15.6
2019-11-17,393.79,392.03,598.0,0.0,17.2
2019-11-18,393.82,391.43,493.0,0.0,16.6
2019-11-19,393.44,391.37,469.0,0.0,15.7
2019-11-20,393.37,391.35,469.0,0.0,14.7
2019-11-21,393.19,391.09,434.0,0.0,15.0
2019-11-22,393.3,391.23,462.0,0.5,15.4
2019-11-23,393.69,391.77,529.0,0.0,15.4
2019-11-24,393.76,391.86,567.0,0.0,16.3
2019-11-25,393.67,391.74,548.0,0.0,15.7
2019-11-26,393.49,391.56,512.0,0.5,14.3
2019-11-27,393.41,391.44,478.0,4.0,12.8
2019-11-28,393.87,392.05,589.0,0.5,12.3
2019-11-29,393.69,391.83,531.0,0.0,13.5
2019-11-30,393.43,391.48,471.0,0.0,14.2
2019-12-01,393.11,391.08,426.0,0.0,13.3
2019-12-02,393.37,391.43,478.0,0.0,13.1
2019-12-03,393.32,391.41,474.0,0.0,13.2
2019-12-04,392.99,390.93,399.0,0.0,13.3
2019-12-05,393.05,391.01,407.0,0.0,12.5
2019-12-06,392.98,390.86,391.0,0.0,12.6
2019-12-07,393.04,390.93,373.0,0.0,13.2
2019-12-08,392.84,390.66,363.0,0.0,12.8
2019-12-09,392.79,390.58,355.0,0.0,12.0
2019-12-10,392.8,390.61,357.0,0.0,11.0
2019-12-11,392.74,390.54,357.0,0.0,12.7
2019-12-12,392.67,390.45,330.0,9.5,10.6
2019-12-13,392.59,390.31,367.0,15.0,8.3
2019-12-14,392.82,390.68,359.0,1.0,8.9
2019-12-15,392.59,390.25,347.0,0.0,9.6
2019-12-16,392.72,390.53,328.0,0.0,11.5
2019-12-17,392.64,390.37,330.0,0.0,11.4
2019-12-18,392.67,390.39,289.0,0.0,9.4
2019-12-19,392.42,390.01,306.0,0.5,8.8
2019-12-20,392.5,390.13,294.0,0.0,7.9
2019-12-21,392.42,389.99,296.0,0.0,10.2
2019-12-22,392.48,390.1,274.0,0.0,11.5
2019-12-23,392.32,389.86,291.0,0.0,10.9
2019-12-24,392.39,389.99,289.0,0.0,8.7
2019-12-25,392.39,389.97,279.0,0.0,8.9
2019-12-26,392.37,389.91,273.0,0.0,6.9
2019-12-27,392.34,389.85,282.0,0.0,5.9
2019-12-28,392.4,389.95,266.0,0.0,4.9
2019-12-29,392.3,389.77,265.0,0.0,6.4
2019-12-30,392.28,389.74,244.0,0.0,8.2
2019-12-31,392.19,389.56,248.0,0.0,8.5
2020-01-01,392.22,389.66,252.0,0.0,8.8
2020-01-02,392.24,389.63,252.0,0.0,10.8
2020-01-03,392.09,389.34,224.0,0.0,11.0
2020-01-04,392.1,389.37,228.0,0.5,10.1
2020-01-05,392.16,389.49,237.0,0.0,7.3
2020-01-06,392.17,389.51,240.0,14.0,7.5
2020-01-07,392.1,389.32,248.0,4.5,6.5
2020-01-08,392.14,389.5,237.0,0.0,7.3
2020-01-09,392.27,389.72,261.0,0.0,7.7
2020-01-10,392.33,389.87,273.0,0.0,9.3
2020-01-11,392.2,389.56,245.0,0.5,8.0
2020-01-12,392.2,389.58,247.0,17.5,10.5
2020-01-13,392.24,389.69,257.0,58.0,9.3
2020-01-14,393.22,391.37,464.0,0.0,9.0
2020-01-15,391.89,388.88,276.0,0.0,9.7
2020-01-16,392.68,390.45,334.0,0.0,10.7
2020-01-17,392.83,390.71,369.0,0.0,11.0
2020-01-18,392.74,390.57,381.0,0.0,10.6
2020-01-19,392.74,390.58,349.0,0.0,9.7
2020-01-20,392.89,390.76,371.0,0.0,10.8
2020-01-21,392.77,390.62,355.0,1.0,8.6
2020-01-22,392.8,390.68,363.0,0.0,9.1
2020-01-23,392.77,390.6,351.0,0.0,10.2
2020-01-24,392.86,390.75,371.0,0.0,11.2
2020-01-25,392.83,390.68,365.0,0.0,10.4
2020-01-26,392.49,390.16,369.0,0.0,11.8
2020-01-27,392.76,390.59,347.0,3.0,11.5
2020-01-28,392.69,390.55,347.0,28.0,8.8
2020-01-29,392.89,390.65,389.0,0.5,9.3
2020-01-30,392.79,390.47,367.0,0.0,10.4
2020-01-31,392.79,390.45,361.0,0.0,9.8
2020-02-01,392.83,390.52,367.0,0.0,10.7
2020-02-02,392.83,390.51,369.0,0.0,10.7
2020-02-03,392.7,390.32,341.0,0.0,10.8
2020-02-04,392.7,390.29,339.0,0.0,8.9
2020-02-05,392.52,389.99,309.0,0.0,11.1
2020-02-06,392.54,390.0,311.0,0.0,10.4
2020-02-07,392.47,389.9,300.0,0.0,11.2
2020-02-08,392.46,389.91,298.0,0.0,11.4
2020-02-09,392.49,389.92,302.0,0.0,11.8
2020-02-10,392.54,390.05,311.0,0.0,12.1
2020-02-11,392.5,389.93,304.0,0.0,11.6
2020-02-12,392.6,390.16,324.0,0.0,14.4
2020-02-13,392.54,390.04,311.0,0.0,16.0
2020-02-14,393.2,391.14,417.0,0.0,16.6
2020-02-15,393.28,391.31,474.0,0.0,16.3
2020-02-16,393.17,391.08,438.0,0.0,16.6
2020-02-17,393.19,391.13,445.0,0.0,16.0
2020-02-18,393.14,391.03,431.0,0.0,16.5
2020-02-19,393.15,391.11,443.0,3.0,14.2
2020-02-20,393.12,391.02,429.0,0.0,13.4
2020-02-21,393.17,391.09,436.0,0.0,14.8
2020-02-22,393.21,391.15,443.0,0.0,15.0
2020-02-23,393.0,390.8,403.0,0.0,16.1
2020-02-24,393.27,391.23,467.0,0.0,15.9
2020-02-25,393.2,391.18,450.0,0.0,16.2
2020-02-26,393.24,391.19,452.0,0.0,16.9
2020-02-27,393.1,390.98,422.0,21.5,17.7
2020-02-28,393.32,391.29,478.0,24.0,14.5
2020-02-29,394.34,392.59,700.0,11.0,12.6
2020-03-01,394.31,392.5,684.0,0.0,15.8
2020-03-02,393.84,391.91,574.0,0.0,16.6
2020-03-03,393.69,391.78,553.0,0.0,17.3
2020-03-04,393.58,391.65,519.0,17.5,15.1
2020-03-05,393.51,391.54,514.0,14.5,11.7
2020-03-06,394.18,392.36,592.0,27.0,11.0
2020-03-07,394.41,392.64,715.0,24.0,10.5
2020-03-08,395.49,393.88,961.0,0.0,11.7
2020-03-09,394.61,392.86,768.0,0.0,14.5
2020-03-10,394.36,392.58,697.0,0.0,15.3
2020-03-11,394.12,392.28,641.0,25.5,13.7
2020-03-12,394.08,392.23,646.0,3.5,12.8
2020-03-13,394.05,392.17,627.0,14.0,13.7
2020-03-14,394.01,392.14,608.0,0.0,14.7
2020-03-15,393.76,391.85,565.0,0.0,15.3
2020-03-16,393.84,391.9,574.0,0.0,16.7
2020-03-17,393.74,391.81,553.0,0.0,18.4
2020-03-18,393.84,391.98,592.0,0.0,18.8
2020-03-19,394.04,392.13,619.0,0.0,19.0
2020-03-20,394.08,392.21,657.0,2.0,18.5
2020-03-21,394.29,392.47,616.0,1.5,16.6
2020-03-22,394.04,392.17,692.0,0.0,18.1
2020-03-23,394.16,392.36,660.0,12.5,19.9
2020-03-24,395.02,393.31,657.0,21.0,15.5
2020-03-25,395.0,393.29,953.0,0.0,16.8
2020-03-26,394.83,393.09,853.0,4.5,18.5
2020-03-27,394.58,392.83,757.0,139.0,14.4
2020-03-28,397.47,395.88,1870.0,0.0,14.7
2020-03-29,397.16,395.58,1390.0,0.0,18.2
2020-03-30,396.19,394.61,1150.0,0.0,17.3
2020-03-31,395.66,394.08,1010.0,7.0,16.3
2020-04-01,397.21,395.61,1390.0,10.5,17.4
2020-04-02,396.86,395.25,1430.0,0.0,16.1
2020-04-03,396.69,395.13,1240.0,0.0,18.0
2020-04-04,396.23,394.61,1130.0,0.0,19.6
2020-04-05,395.82,394.14,1090.0,14.5,19.2
2020-04-06,395.72,394.1,1060.0,0.0,19.2
2020-04-07,395.59,393.97,990.0,0.0,18.8
2020-04-08,395.43,393.72,947.0,0.0,20.2
2020-04-09,395.21,393.55,911.0,2.5,20.7
2020-04-10,395.3,393.59,908.0,0.0,21.1
2020-04-11,395.62,393.95,1030.0,0.0,22.3
2020-04-12,395.82,394.11,1030.0,0.0,23.4
2020-04-13,396.11,394.49,1070.0,0.0,23.8
2020-04-14,396.32,394.7,1140.0,0.0,24.6
2020-04-15,396.33,394.73,1150.0,0.0,24.6
2020-04-16,397.18,395.62,1470.0,0.0,24.1
2020-04-17,397.03,395.4,1330.0,14.5,19.1
2020-04-18,397.22,395.67,1380.0,5.5,16.2
2020-04-19,398.46,396.77,1760.0,0.0,18.6
2020-04-20,397.61,396.0,1500.0,0.0,21.2
2020-04-21,397.04,395.45,1370.0,0.0,20.8
2020-04-22,396.78,395.21,1280.0,0.0,21.4
2020-04-23,396.67,395.09,1280.0,0.0,24.2
2020-04-24,396.92,395.32,1330.0,0.0,24.2
2020-04-25,396.75,395.2,1370.0,1.5,22.5
2020-04-26,397.38,395.85,1460.0,0.0,22.6
2020-04-27,397.38,395.79,1450.0,16.0,19.4
2020-04-28,397.76,396.11,1540.0,0.0,21.3
2020-04-29,397.76,396.14,1450.0,0.0,24.5
2020-04-30,398.11,396.47,1650.0,0.0,26.5
2020-05-01,398.29,396.64,1710.0,0.0,26.4
2020-05-02,398.22,396.5,1680.0,17.5,26.8
2020-05-03,399.57,397.71,2050.0,0.0,22.5
2020-05-04,399.38,397.54,2020.0,1.5,23.2
2020-05-05,398.59,396.87,1800.0,0.0,23.3
2020-05-06,397.96,396.3,1650.0,0.0,24.6
2020-05-07,397.63,396.02,1510.0,0.0,23.9
2020-05-08,397.43,395.89,1470.0,0.0,25.8
2020-05-09,397.67,396.03,1500.0,7.5,28.1
2020-05-10,398.19,396.57,1650.0,0.0,25.8
2020-05-11,397.89,396.29,1600.0,5.5,24.1
2020-05-12,397.96,396.29,1680.0,2.0,23.6
2020-05-13,398.06,396.4,1570.0,0.5,26.0
2020-05-14,398.39,396.77,1750.0,51.0,20.2
2020-05-15,401.72,399.29,2730.0,0.0,22.8
2020-05-16,399.5,397.66,2100.0,0.0,25.4
2020-05-17,398.57,396.82,1800.0,0.0,26.9
2020-05-18,398.11,396.51,1690.0,0.0,26.4
2020-05-19,397.57,395.97,1580.0,0.0,25.4
2020-05-20,397.35,395.7,1440.0,0.0,26.1
2020-05-21,397.23,395.6,1420.0,0.0,28.6
2020-05-22,397.53,395.9,1500.0,0.5,28.8
2020-05-23,397.7,396.02,1530.0,0.0,29.4
2020-05-24,397.57,395.95,1520.0,0.0,29.4
2020-05-25,398.07,396.43,1580.0,0.0,30.5
2020-05-26,398.09,396.57,1700.0,0.0,31.2
2020-05-27,398.34,396.69,1770.0,0.0,31.0
2020-05-28,398.19,396.52,1720.0,0.0,30.2
2020-05-29,398.07,396.47,1660.0,8.0,25.9
2020-05-30,397.52,395.87,1520.0,37.5,21.5
2020-05-31,397.66,396.07,1470.0,1.5,21.2
2020-06-01,397.41,395.82,1580.0,0.0,23.2
2020-06-02,397.53,395.9,1450.0,0.0,22.1
2020-06-03,397.7,396.02,1410.0,0.0,24.3
2020-06-04,397.15,395.58,1400.0,0.0,25.5
2020-06-05,398.34,396.69,1380.0,0.5,26.7
2020-06-06,397.46,395.83,1470.0,0.0,24.3
2020-06-07,397.71,396.05,1530.0,0.0,26.5
2020-06-08,398.07,396.35,1620.0,1.5,27.3
2020-06-09,397.86,396.31,1630.0,0.5,27.3
2020-06-10,397.82,396.17,1580.0,0.0,28.8
2020-06-11,398.18,396.52,1680.0,0.0,28.6
2020-06-12,397.46,395.83,1650.0,0.5,28.0
2020-06-13,397.71,396.05,1550.0,0.0,29.4
2020-06-14,397.22,395.66,1420.0,0.0,30.4
2020-06-15,397.15,395.57,1410.0,0.0,31.3
2020-06-16,397.68,395.96,1410.0,0.0,31.7
2020-06-17,397.2,395.65,1410.0,0.0,31.8
2020-06-18,396.85,395.31,1450.0,0.0,31.4
2020-06-19,397.13,395.54,1390.0,1.5,29.1
2020-06-20,397.09,395.49,1390.0,0.0,30.4
2020-06-21,396.93,395.36,1330.0,0.0,31.6
2020-06-22,396.85,395.31,1320.0,0.0,30.9
2020-06-23,396.95,395.4,1340.0,4.5,30.6
2020-06-24,397.68,395.96,1470.0,2.0,26.5
2020-06-25,397.42,395.8,1460.0,0.0,28.5
2020-06-26,397.63,396.08,1520.0,1.5,27.8
2020-06-27,397.27,395.72,1430.0,0.0,29.4
2020-06-28,397.2,395.59,1390.0,24.5,29.0
2020-06-29,397.09,395.57,1390.0,0.0,28.2
2020-06-30,396.61,395.06,1250.0,0.0,30.0
2020-07-01,396.78,395.14,1260.0,0.0,31.4
2020-07-02,396.79,395.25,1290.0,0.0,32.0
2020-07-03,396.89,395.36,1310.0,0.0,32.7
2020-07-04,396.96,395.36,1330.0,0.0,29.1
2020-07-05,397.0,395.42,1350.0,0.0,27.9
2020-07-06,396.74,395.25,1290.0,0.0,29.8
2020-07-07,396.22,394.59,1150.0,0.0,31.3
2020-07-08,396.11,394.52,1130.0,0.5,28.9
2020-07-09,396.49,394.86,1200.0,0.0,30.7
2020-07-10,396.72,395.16,1270.0,0.0,32.1
2020-07-11,396.17,394.51,1120.0,3.5,30.4
2020-07-12,395.84,394.19,1070.0,0.0,26.9
2020-07-13,395.64,393.95,1010.0,0.0,29.7
2020-07-14,395.46,393.78,970.0,0.0,31.4
2020-07-15,395.32,393.64,930.0,18.5,28.4
2020-07-16,395.7,394.06,1020.0,0.0,28.8
2020-07-17,395.48,393.76,964.0,0.5,29.9
2020-07-18,395.51,393.81,970.0,0.0,30.8
2020-07-19,395.32,393.58,922.0,28.5,27.9
2020-07-20,395.14,393.47,889.0,17.5,26.6
2020-07-21,395.41,393.81,953.0,10.0,22.8
2020-07-22,395.46,393.78,911.0,0.0,26.2
2020-07-23,395.32,393.64,808.0,0.0,28.2
2020-07-24,394.79,393.05,802.0,10.0,29.6
2020-07-25,394.71,392.96,805.0,2.0,27.1
2020-07-26,394.79,393.25,813.0,0.0,27.1
2020-07-27,394.73,393.01,805.0,0.5,29.3
2020-07-28,394.77,393.14,808.0,24.5,29.9
2020-07-29,394.92,393.2,847.0,9.0,27.9
2020-07-30,395.13,393.47,878.0,0.0,26.8
2020-07-31,394.88,393.14,824.0,12.0,27.7
2020-08-01,395.13,393.48,914.0,0.5,26.6
2020-08-02,394.92,393.2,853.0,0.0,28.7
2020-08-03,394.43,392.82,744.0,0.5,28.3
2020-08-04,394.32,392.54,718.0,0.0,27.9
2020-08-05,394.4,392.52,710.0,0.0,29.8
2020-08-06,394.3,392.52,708.0,0.0,30.4
2020-08-07,394.04,392.26,652.0,9.0,29.6
2020-08-08,394.22,392.51,700.0,20.5,27.5
2020-08-09,394.69,392.94,776.0,3.0,27.0
2020-08-10,394.79,393.05,760.0,38.5,27.4
2020-08-11,394.24,392.37,684.0,0.0,28.3
2020-08-12,393.88,392.05,608.0,7.0,30.2
2020-08-13,393.91,392.1,619.0,10.5,28.5
2020-08-14,393.99,392.13,630.0,0.0,27.1
2020-08-15,393.91,391.99,608.0,0.0,29.0
2020-08-16,393.78,391.95,592.0,1.5,29.6
2020-08-17,393.84,391.98,614.0,20.0,28.6
2020-08-18,393.91,391.99,625.0,60.0,28.2
2020-08-19,393.9,392.12,627.0,65.5,26.9
2020-08-20,394.16,392.4,702.0,2.0,24.2
2020-08-21,393.67,391.95,598.0,0.0,25.5
2020-08-22,393.57,391.67,553.0,0.0,27.1
2020-08-23,393.52,391.61,541.0,0.0,28.4
2020-08-24,393.71,391.84,582.0,41.5,28.7
2020-08-25,393.5,391.67,553.0,38.5,25.6
2020-08-26,394.59,392.83,779.0,36.5,24.0
2020-08-27,397.9,393.4,850.0,98.5,22.4
2020-08-28,396.97,395.61,1420.0,0.0,24.4
2020-08-29,396.4,394.91,1190.0,0.0,26.2
2020-08-30,395.28,393.45,897.0,13.5,26.8
2020-08-31,395.16,393.88,1010.0,27.5,24.1
2020-09-01,396.36,394.96,1220.0,18.5,22.8
2020-09-02,398.38,396.33,1600.0,0.0,25.9
2020-09-03,396.79,395.42,1350.0,49.5,26.1
2020-09-04,396.52,394.97,1240.0,11.5,23.3
2020-09-05,396.29,394.69,1180.0,0.0,25.5
2020-09-06,395.86,394.3,1070.0,14.5,26.6
2020-09-07,396.15,394.79,1190.0,0.0,25.1
2020-09-08,395.82,394.46,1070.0,0.0,26.4
2020-09-09,395.36,393.77,950.0,0.0,26.9
2020-09-10,394.98,393.25,858.0,0.0,27.0
2020-09-11,395.11,393.43,864.0,0.0,26.9
2020-09-12,394.62,392.95,781.0,0.0,27.6
2020-09-13,394.6,393.05,784.0,0.0,27.4
2020-09-14,394.51,392.73,742.0,0.0,27.4
2020-09-15,394.28,392.51,718.0,0.0,27.9
2020-09-16,394.23,392.53,694.0,0.0,27.4
2020-09-17,393.93,392.1,627.0,0.0,27.3
2020-09-18,393.74,391.84,587.0,0.0,27.2
2020-09-19,393.6,391.71,550.0,0.0,27.3
2020-09-20,393.62,391.69,562.0,0.0,26.7
2020-09-21,393.31,391.34,497.0,0.0,26.6
2020-09-22,392.99,390.95,429.0,0.0,26.6
2020-09-23,393.05,391.08,464.0,0.0,26.6
2020-09-24,392.97,390.86,426.0,0.0,26.7
2020-09-25,393.11,391.02,457.0,5.5,24.5
2020-09-26,392.77,390.74,385.0,0.0,23.6
2020-09-27,392.62,390.58,365.0,0.0,24.3
2020-09-28,392.44,390.19,326.0,0.0,24.4
2020-09-29,392.37,390.15,321.0,0.0,24.3
2020-09-30,392.3,389.85,302.0,0.0,24.4
2020-10-01,392.21,389.65,289.0,0.0,24.6
2020-10-02,392.29,389.74,302.0,0.0,24.5
2020-10-03,392.26,389.93,324.0,0.0,23.9
2020-10-04,392.07,389.29,255.0,0.0,24.0
2020-10-05,392.12,389.47,269.0,0.0,23.7
2020-10-06,392.01,389.27,255.0,0.0,23.5
2020-10-07,392.03,389.35,260.0,0.0,23.4
2020-10-08,392.02,389.31,257.0,0.0,23.8
2020-10-09,391.92,389.12,240.0,0.0,23.9
2020-10-10,391.97,389.19,244.0,0.0,24.1
2020-10-11,391.93,389.13,239.0,0.0,23.6
2020-10-12,391.85,388.98,224.0,0.0,23.7
2020-10-13,391.89,389.08,236.0,0.0,23.4
2020-10-14,391.87,389.04,231.0,0.0,23.3
2020-10-15,391.87,389.07,234.0,0.0,22.6
2020-10-16,391.74,388.77,209.0,0.0,22.6
2020-10-17,391.7,388.68,200.0,0.0,22.1
2020-10-18,391.81,388.93,223.0,0.0,22.0
2020-10-19,391.83,388.96,223.0,0.0,22.2
2020-10-20,391.77,388.88,217.0,0.0,21.3
2020-10-21,391.78,388.84,217.0,0.0,20.5
2020-10-22,391.81,389.01,221.0,0.0,20.8
2020-10-23,391.77,388.85,215.0,0.0,20.7
2020-10-24,391.74,388.78,208.0,0.0,20.4
2020-10-25,391.7,388.66,200.0,0.0,19.5
2020-10-26,391.49,388.34,173.0,0.0,20.1
2020-10-27,391.71,388.66,200.0,0.0,19.4
2020-10-28,391.64,388.62,192.0,0.0,19.1
2020-10-29,391.56,388.43,183.0,15.0,18.6
2020-10-30,391.65,388.63,194.0,0.0,18.8
2020-10-31,391.66,388.62,194.0,0.0,19.0
2020-11-01,391.61,388.53,186.0,0.0,19.7
2020-11-02,391.63,388.61,194.0,0.0,19.3
2020-11-03,391.54,388.44,182.0,0.0,18.8
2020-11-04,391.62,388.51,185.0,0.0,18.4
2020-11-05,391.57,388.47,183.0,0.0,18.0
2020-11-06,391.41,388.19,163.0,0.0,17.9
2020-11-07,391.51,388.32,176.0,0.0,18.0
2020-11-08,391.56,388.45,180.0,0.0,17.3
2020-11-09,391.37,388.1,158.0,0.0,16.9
2020-11-10,391.32,388.01,150.0,0.0,16.6
2020-11-11,391.51,388.38,176.0,0.0,17.0
2020-11-12,391.59,388.49,185.0,0.0,17.0
2020-11-13,391.53,388.44,180.0,0.0,16.6
2020-11-14,391.55,388.46,182.0,8.5,16.5
2020-11-15,391.76,388.79,194.0,7.5,12.6
2020-11-16,391.96,389.22,247.0,0.0,13.4
2020-11-17,392.07,389.46,273.0,0.0,14.1
2020-11-18,391.98,389.29,252.0,0.0,14.3
2020-11-19,391.69,388.7,200.0,7.5,13.1
2020-11-20,391.82,388.98,223.0,0.0,12.7
2020-11-21,391.68,388.67,197.0,0.0,12.5
2020-11-22,391.68,388.67,197.0,0.0,11.3
2020-11-23,391.64,388.59,191.0,4.0,12.1
2020-11-24,391.85,389.04,229.0,0.5,11.2
2020-11-25,391.78,388.84,211.0,9.0,11.0
2020-11-26,392.06,389.4,263.0,0.0,12.2
2020-11-27,391.91,389.19,242.0,0.0,13.8
2020-11-28,391.84,388.98,224.0,0.0,14.8
2020-11-29,391.75,388.8,211.0,0.0,14.8
2020-11-30,391.68,388.7,202.0,0.0,15.4
2020-12-01,391.64,388.63,194.0,0.0,15.8
2020-12-02,391.7,388.72,200.0,0.0,16.1
2020-12-03,391.73,388.8,211.0,0.0,15.8
2020-12-04,391.56,388.46,183.0,0.0,13.9
2020-12-05,391.66,388.66,202.0,0.0,15.8
2020-12-06,391.77,388.86,217.0,0.0,15.3
2020-12-07,391.62,388.6,215.0,1.5,14.3
2020-12-08,391.75,388.81,212.0,4.5,13.9
2020-12-09,392.17,389.57,276.0,0.0,14.7
2020-12-10,392.47,390.11,341.0,0.0,15.0
2020-12-11,392.24,389.71,296.0,15.0,11.9
2020-12-12,392.36,389.93,321.0,0.0,9.4
2020-12-13,392.62,390.4,340.0,0.0,10.0
2020-12-14,392.59,390.29,363.0,0.0,10.3
2020-12-15,392.27,389.7,293.0,0.0,8.4
2020-12-16,391.99,389.32,255.0,0.0,8.3
2020-12-17,392.05,389.43,266.0,0.0,9.1
2020-12-18,392.0,389.3,255.0,0.0,9.5
2020-12-19,391.75,388.71,202.0,0.5,10.1
2020-12-20,391.98,389.32,257.0,0.0,11.2
2020-12-21,391.69,388.66,199.0,0.0,13.1
2020-12-22,391.98,389.33,257.0,0.0,12.9
2020-12-23,391.65,388.61,194.0,0.0,11.9
2020-12-24,391.69,388.71,202.0,0.0,11.2
2020-12-25,391.68,388.66,199.0,0.0,10.8
2020-12-26,391.63,388.61,192.0,0.0,11.3
2020-12-27,391.43,388.25,163.0,7.5,7.9
2020-12-28,391.41,388.13,155.0,0.0,8.3
2020-12-29,391.64,388.62,197.0,0.0,8.7
2020-12-30,391.65,388.61,194.0,0.0,9.1
2020-12-31,391.6,388.49,183.0,0.0,10.0
2021-01-01,391.67,388.67,192.0,0.0,10.6
2021-01-02,391.45,388.26,170.0,0.0,10.7
2021-01-03,391.49,388.3,173.0,8.5,11.2
2021-01-04,391.48,388.33,171.0,31.0,12.5
2021-01-05,391.73,388.8,214.0,53.0,9.6
2021-01-06,393.53,391.56,553.0,0.0,11.0
2021-01-07,392.24,389.68,294.0,0.0,12.5
2021-01-08,392.02,389.36,278.0,0.0,10.8
2021-01-09,392.0,389.31,252.0,0.0,9.5
2021-01-10,391.96,389.27,258.0,0.0,12.4
2021-01-11,392.08,389.45,271.0,0.0,11.5
2021-01-12,392.04,389.39,255.0,0.0,10.4
2021-01-13,391.92,389.23,244.0,0.0,9.4
2021-01-14,391.95,389.22,252.0,0.0,8.2
2021-01-15,391.97,389.2,244.0,0.0,10.6
2021-01-16,391.92,389.16,242.0,0.0,11.0
2021-01-17,391.84,389.0,231.0,0.0,8.9
2021-01-18,391.74,388.69,199.0,0.0,11.4
2021-01-19,391.84,388.96,218.0,0.0,12.8
2021-01-20,391.95,389.24,247.0,0.0,13.1
2021-01-21,391.82,388.98,223.0,0.0,13.1
2021-01-22,391.57,388.44,179.0,0.0,11.9
2021-01-23,391.88,389.09,232.0,0.0,10.8
2021-01-24,391.88,389.08,231.0,0.0,10.4
2021-01-25,391.69,388.7,200.0,0.0,11.9
2021-01-26,391.9,389.12,236.0,0.0,11.4
2021-01-27,392.09,389.46,268.0,0.0,11.9
2021-01-28,392.03,389.36,258.0,0.0,11.7
2021-01-29,391.8,388.92,223.0,0.0,11.1
2021-01-30,391.67,388.63,194.0,0.0,11.8
2021-01-31,391.65,388.63,194.0,0.0,11.9
2021-02-01,391.53,388.37,174.0,0.0,13.9
2021-02-02,391.54,388.42,180.0,0.0,13.1
2021-02-03,391.75,388.84,212.0,0.0,13.4
2021-02-04,391.78,388.91,220.0,0.0,11.4
2021-02-05,391.56,388.5,186.0,0.0,10.6
2021-02-06,391.48,388.35,173.0,0.0,11.7
2021-02-07,391.49,388.33,171.0,0.0,13.3
2021-02-08,391.54,388.44,179.0,0.0,14.2
2021-02-09,391.92,389.19,244.0,0.0,14.4
2021-02-10,392.01,389.33,260.0,0.0,15.1
2021-02-11,391.97,389.29,255.0,0.0,16.0
2021-02-12,392.08,389.47,273.0,0.0,15.8
2021-02-13,391.82,388.97,229.0,0.0,14.9
2021-02-14,392.15,389.54,277.0,0.0,14.9
2021-02-15,392.1,389.51,273.0,0.0,15.5
2021-02-16,392.23,389.7,298.0,0.0,15.9
2021-02-17,392.1,389.44,268.0,0.0,16.4
2021-02-18,392.12,389.51,277.0,0.0,16.3
2021-02-19,392.32,389.84,313.0,0.0,16.4
2021-02-20,392.44,390.04,334.0,0.0,16.5
2021-02-21,392.29,389.83,311.0,0.0,16.9
2021-02-22,392.34,389.85,306.0,0.0,17.6
2021-02-23,392.26,389.78,304.0,0.0,19.1
2021-02-24,392.37,390.24,355.0,0.0,19.0
2021-02-25,392.41,390.0,328.0,0.0,20.2
2021-02-26,392.43,389.97,323.0,0.0,18.7
2021-02-27,392.78,390.49,383.0,0.0,14.4
2021-02-28,394.79,393.14,826.0,0.0,16.5
2021-03-01,393.9,392.21,600.0,0.0,17.2
2021-03-02,393.6,391.68,548.0,0.0,19.1
2021-03-03,393.37,391.63,509.0,0.0,18.2
2021-03-04,393.5,391.57,541.0,0.0,18.8
2021-03-05,393.31,391.17,497.0,0.0,20.1
2021-03-06,393.18,390.82,464.0,0.0,17.9
2021-03-07,393.45,391.15,512.0,0.0,20.5
2021-03-08,393.12,390.74,443.0,0.0,18.0
2021-03-09,393.36,391.06,502.0,0.0,20.7
2021-03-10,393.39,391.06,502.0,0.0,20.8
2021-03-11,393.06,390.64,426.0,33.0,16.4
2021-03-12,394.16,392.01,662.0,0.5,15.0
2021-03-13,394.88,392.87,842.0,0.0,18.1
2021-03-14,394.35,392.6,718.0,0.0,17.1
2021-03-15,394.29,392.45,700.0,0.0,19.7
2021-03-16,394.24,392.53,694.0,10.0,19.8
2021-03-17,394.05,392.24,646.0,0.0,20.9
2021-03-18,394.02,392.24,641.0,0.0,21.5
2021-03-19,394.08,392.36,657.0,0.0,22.3
2021-03-20,394.03,392.21,641.0,0.0,22.0
2021-03-21,393.99,392.11,627.0,10.5,18.0
2021-03-22,394.81,393.11,816.0,0.0,14.1
2021-03-23,395.66,394.11,1030.0,13.0,15.3
2021-03-24,397.81,396.36,1570.0,0.0,16.3
2021-03-25,397.06,395.68,1380.0,0.0,19.6
2021-03-26,396.2,394.71,1130.0,0.0,20.5
2021-03-27,395.8,394.23,1040.0,0.0,21.6
2021-03-28,395.86,394.38,1070.0,0.0,24.3
2021-03-29,395.9,394.43,1080.0,0.0,23.6
2021-03-30,398.76,397.2,1840.0,0.0,23.5
2021-03-31,397.27,395.75,1430.0,0.0,21.5
2021-04-01,396.7,395.16,1250.0,0.0,21.4
2021-04-02,396.32,394.76,1150.0,0.0,20.5
2021-04-03,396.2,394.64,1130.0,0.0,20.2
2021-04-04,395.62,394.04,1020.0,1.0,20.3
2021-04-05,395.38,393.79,1005.0,0.0,22.7
2021-04-06,395.61,393.97,984.0,26.5,20.2
2021-04-07,397.35,395.9,1430.0,0.0,18.2
2021-04-08,396.82,395.38,1300.0,0.0,20.7
2021-04-09,395.97,394.43,1110.0,0.0,21.7
2021-04-10,395.8,394.21,1040.0,0.0,23.3
2021-04-11,395.52,393.92,970.0,0.0,24.1
2021-04-12,395.49,393.84,967.0,0.0,24.7
2021-04-13,395.51,393.92,979.0,0.0,25.3
2021-04-14,395.47,393.81,959.0,4.5,25.9
2021-04-15,395.4,393.81,959.0,1.5,20.4
2021-04-16,395.73,394.15,1030.0,1.0,20.0
2021-04-17,396.54,394.92,1180.0,6.0,17.3
2021-04-18,396.93,395.43,1320.0,0.0,18.8
2021-04-19,396.99,395.5,1330.0,0.0,22.0
2021-04-20,396.35,394.82,1170.0,0.5,21.7
2021-04-21,396.19,394.65,1140.0,0.5,19.3
2021-04-22,395.99,394.51,1090.0,17.5,17.5
2021-04-23,397.09,395.69,1380.0,0.5,17.7
2021-04-24,396.65,395.05,1230.0,0.0,20.8
2021-04-25,396.05,394.46,1090.0,0.0,24.1
2021-04-26,396.21,394.68,1140.0,0.0,25.9
2021-04-27,396.37,394.83,1170.0,0.0,27.6
2021-04-28,396.55,395.01,1210.0,0.0,28.9
2021-04-29,397.18,395.65,1370.0,0.0,30.2
2021-04-30,397.01,395.54,1340.0,0.0,27.4
2021-05-01,397.06,395.61,1350.0,0.0,28.8
2021-05-02,397.2,395.65,1400.0,0.0,28.0
2021-05-03,397.8,396.25,1540.0,0.0,26.6
2021-05-04,398.03,396.24,1590.0,0.0,23.6
2021-05-05,398.16,396.63,1670.0,0.0,24.7
2021-05-06,398.22,396.67,1720.0,14.5,25.5
2021-05-07,397.86,396.23,1580.0,0.0,23.7
2021-05-08,397.55,395.99,1480.0,0.0,23.4
2021-05-09,397.49,395.91,1490.0,0.0,23.5
2021-05-10,397.82,396.24,1590.0,7.5,25.2
2021-05-11,398.38,396.74,1720.0,2.0,22.1
2021-05-12,398.15,396.61,1690.0,20.0,23.6
2021-05-13,398.18,396.56,1690.0,1.5,21.3
2021-05-14,397.26,395.75,1460.0,8.0,22.1
2021-05-15,397.46,395.85,1470.0,0.5,23.8
2021-05-16,397.13,395.53,1390.0,0.0,27.4
2021-05-17,396.86,395.2,1290.0,0.0,28.2
2021-05-18,397.31,395.75,1430.0,1.0,27.8
2021-05-19,397.17,395.65,1400.0,0.0,28.3
2021-05-20,397.43,395.92,1460.0,5.0,26.3
2021-05-21,398.06,396.58,1640.0,0.0,25.1
2021-05-22,397.46,396.01,1470.0,2.0,26.7
2021-05-23,396.94,395.45,1330.0,0.0,23.7
2021-05-24,396.85,395.37,1320.0,0.0,26.9
2021-05-25,396.45,394.92,1280.0,0.0,28.1
2021-05-26,396.36,394.78,1160.0,0.0,30.7
2021-05-27,396.56,395.06,1210.0,0.0,31.2
2021-05-28,396.97,395.44,1320.0,0.0,32.5
2021-05-29,397.77,396.22,1540.0,0.0,31.2
2021-05-30,397.85,396.33,1570.0,0.0,29.7
2021-05-31,398.13,396.6,1640.0,22.0,26.6
2021-06-01,398.15,396.66,1660.0,0.0,24.9
2021-06-02,397.81,396.26,1560.0,5.0,27.2
2021-06-03,397.8,396.3,1550.0,0.0,24.7
2021-06-04,398.56,397.05,1790.0,0.0,28.0
2021-06-05,397.91,396.45,1610.0,0.0,28.5
2021-06-06,399.17,397.59,1960.0,0.0,29.1
2021-06-07,399.34,397.77,2010.0,0.0,32.2
2021-06-08,399.18,397.63,1980.0,0.0,33.7
2021-06-09,399.54,397.99,2100.0,0.0,34.8
2021-06-10,399.21,397.66,2010.0,0.0,35.4
2021-06-11,400.26,398.41,2270.0,10.5,32.6
2021-06-12,399.8,398.25,2240.0,9.0,30.1
2021-06-13,398.79,397.3,1890.0,0.0,28.3
2021-06-14,399.27,397.65,2010.0,9.0,28.5
2021-06-15,398.43,396.94,1760.0,0.0,27.7
2021-06-16,397.94,396.45,1620.0,2.0,25.4
2021-06-17,397.34,395.92,1470.0,0.0,26.4
2021-06-18,397.03,395.58,1370.0,0.5,29.8
2021-06-19,396.68,395.2,1270.0,35.5,29.7
2021-06-20,396.8,395.32,1290.0,2.0,25.8
2021-06-21,397.19,395.79,1400.0,0.0,29.5
2021-06-22,397.05,395.43,1340.0,0.0,30.7
2021-06-23,396.66,395.15,1250.0,0.0,31.8
2021-06-24,396.57,395.03,1210.0,0.0,31.3
2021-06-25,396.22,394.72,1130.0,9.5,28.9
2021-06-26,396.74,395.19,1260.0,0.0,26.6
2021-06-27,396.0,394.44,1090.0,0.0,29.7
2021-06-28,396.25,394.75,1140.0,0.0,31.6
2021-06-29,396.3,394.78,1150.0,0.0,33.0
2021-06-30,396.5,395.0,1180.0,0.0,34.2
2021-07-01,396.79,395.29,1250.0,0.0,34.2
2021-07-02,396.7,395.17,1250.0,40.5,31.3
2021-07-03,396.38,394.88,1160.0,0.0,28.0
2021-07-04,396.24,394.72,1150.0,14.5,30.7
2021-07-05,396.15,394.65,1120.0,0.5,27.4
2021-07-06,395.85,394.3,1070.0,0.0,31.1
2021-07-07,395.65,394.11,1010.0,2.0,31.4
2021-07-08,396.05,394.53,1100.0,0.0,30.7
2021-07-09,395.95,394.43,1090.0,0.0,31.5
2021-07-10,396.37,394.84,1180.0,22.5,29.6
2021-07-11,396.45,394.94,1170.0,18.5,29.0
2021-07-12,397.7,396.24,1500.0,1.5,25.6
2021-07-13,397.4,395.92,1450.0,65.0,26.9
2021-07-14,397.05,395.53,1360.0,0.0,25.5
2021-07-15,396.35,394.81,1240.0,0.0,28.2
2021-07-16,395.9,394.38,1080.0,0.0,29.6
2021-07-17,396.11,394.61,1120.0,0.0,30.7
2021-07-18,396.32,394.82,1170.0,102.0,31.5
2021-07-19,396.84,395.38,1300.0,22.5,26.4
2021-07-20,397.25,395.78,1400.0,7.0,25.0
2021-07-21,396.86,395.36,1320.0,3.0,25.0
2021-07-22,397.75,396.2,1570.0,0.0,27.8
2021-07-23,397.02,395.52,1350.0,0.0,28.9
2021-07-24,396.56,395.01,1220.0,0.0,30.2
2021-07-25,396.6,395.02,1230.0,43.5,30.0
2021-07-26,396.68,395.14,1270.0,3.0,26.4
2021-07-27,396.7,395.12,1230.0,29.5,26.0
2021-07-28,397.86,396.26,1540.0,37.5,24.8
2021-07-29,396.78,395.25,1300.0,0.0,25.1
2021-07-30,396.73,395.22,1290.0,1.5,27.0
2021-07-31,396.84,395.23,1280.0,31.5,25.7
2021-08-01,396.95,395.27,1300.0,0.0,27.8
2021-08-02,397.31,395.83,1420.0,0.0,28.0
2021-08-03,396.8,395.25,1280.0,3.5,27.5
2021-08-04,396.37,394.79,1160.0,0.0,26.5
2021-08-05,396.27,394.65,1150.0,25.0,28.6
2021-08-06,396.65,395.11,1250.0,0.0,26.2
2021-08-07,396.2,394.58,1120.0,0.0,28.1
2021-08-08,395.67,393.96,990.0,0.5,27.6
2021-08-09,395.88,394.14,1030.0,0.0,27.3
2021-08-10,395.56,393.9,973.0,0.0,27.5
2021-08-11,395.28,393.55,905.0,0.0,27.7
2021-08-12,395.3,393.55,897.0,4.5,28.7
2021-08-13,394.9,393.18,816.0,0.0,27.6
2021-08-14,394.98,393.2,834.0,13.5,25.7
2021-08-15,394.89,393.14,805.0,1.0,24.6
2021-08-16,394.41,392.63,721.0,0.0,26.9
2021-08-17,394.05,392.24,630.0,0.0,27.9
2021-08-18,394.04,392.19,625.0,0.0,28.6
2021-08-19,393.97,392.09,606.0,0.0,29.3
2021-08-20,393.91,392.02,584.0,15.0,28.9
2021-08-21,394.23,392.35,665.0,0.0,26.3
2021-08-22,393.86,391.84,550.0,0.0,26.4
2021-08-23,393.51,391.71,524.0,0.0,27.8
2021-08-24,393.5,391.65,514.0,0.0,29.2
2021-08-25,393.28,391.48,478.0,0.0,29.7
2021-08-26,393.35,391.46,478.0,0.0,29.3
2021-08-27,393.35,391.4,469.0,10.5,29.4
2021-08-28,393.5,391.69,536.0,2.0,25.4
2021-08-29,393.2,391.23,448.0,5.0,25.1
2021-08-30,393.25,391.35,471.0,14.0,25.1
2021-08-31,393.15,390.96,424.0,0.0,25.1
2021-09-01,392.9,390.7,379.0,0.0,26.7
2021-09-02,392.8,390.58,365.0,0.0,27.2
2021-09-03,392.75,390.54,363.0,6.5,26.5
2021-09-04,392.8,390.61,369.0,0.5,25.6
2021-09-05,392.8,390.61,383.0,0.0,27.6
2021-09-06,392.55,390.45,365.0,0.0,28.6
2021-09-07,392.98,390.87,393.0,36.0,27.2
2021-09-08,393.01,390.91,429.0,1.5,24.0
2021-09-09,392.81,390.71,399.0,0.0,25.4
2021-09-10,392.69,390.59,379.0,0.0,25.3
2021-09-11,393.08,390.98,438.0,13.0,23.6
2021-09-12,394.14,392.07,611.0,0.0,24.9
2021-09-13,394.06,392.06,625.0,0.0,26.6
2021-09-14,393.72,391.52,519.0,0.0,27.2
2021-09-15,393.76,391.57,529.0,0.0,27.6
2021-09-16,393.77,391.52,524.0,0.0,27.9
2021-09-17,393.72,391.5,521.0,0.0,26.3
2021-09-18,393.87,391.63,550.0,0.0,26.6
2021-09-19,393.54,391.29,488.0,0.0,27.7
2021-09-20,393.44,391.23,478.0,12.5,26.9
2021-09-21,393.53,391.27,478.0,1.0,23.8
2021-09-22,393.24,391.01,434.0,12.5,25.6
2021-09-23,393.67,391.49,507.0,0.0,23.5
2021-09-24,393.3,391.02,438.0,0.0,25.9
2021-09-25,393.11,390.66,391.0,0.5,26.3
2021-09-26,393.22,390.9,419.0,0.0,26.6
2021-09-27,393.12,390.78,401.0,0.0,27.5
2021-09-28,393.03,390.6,379.0,0.0,27.8
2021-09-29,392.9,390.5,383.0,1.0,26.8
2021-09-30,393.07,390.67,395.0,0.5,26.2
2021-10-01,392.86,390.46,379.0,34.5,24.5
2021-10-02,392.88,390.48,377.0,0.5,24.2
2021-10-03,394.11,391.71,555.0,0.0,24.9
2021-10-04,393.01,390.61,387.0,0.0,25.7
2021-10-05,392.81,390.41,361.0,0.0,25.1
2021-10-06,392.78,390.38,355.0,0.0,24.8
2021-10-07,392.58,390.18,332.0,0.0,24.3
2021-10-08,392.58,390.18,326.0,0.0,24.4
2021-10-09,392.49,390.09,313.0,0.0,24.9
2021-10-10,392.36,389.96,300.0,13.0,23.5
2021-10-11,392.55,390.15,326.0,0.0,22.7
2021-10-12,392.8,390.4,357.0,0.0,24.3
2021-10-13,392.72,390.32,343.0,0.0,23.3
2021-10-14,392.51,390.11,309.0,0.0,23.8
2021-10-15,392.38,389.98,304.0,0.0,24.2
2021-10-16,392.46,390.06,315.0,2.0,23.8
2021-10-17,392.25,389.85,300.0,11.5,20.8
2021-10-18,392.28,389.88,291.0,0.0,21.2
2021-10-19,392.7,390.3,349.0,0.0,22.3
2021-10-20,392.36,389.96,304.0,0.0,22.0
2021-10-21,392.24,389.84,287.0,0.0,21.7
2021-10-22,392.34,389.94,302.0,15.0,20.3
2021-10-23,392.36,389.96,300.0,0.0,18.7
2021-10-25,393.38,390.98,436.0,29.0,16.5
2021-10-26,393.04,390.64,391.0,0.0,16.7
2021-10-27,393.39,390.99,426.0,0.0,18.2
2021-10-28,393.61,391.21,426.0,0.0,18.6
2021-10-29,393.42,391.02,436.0,0.0,18.5
2021-10-30,393.34,390.94,429.0,0.0,18.2
2021-10-31,393.44,391.04,443.0,0.0,18.4
2021-11-01,392.97,390.57,381.0,0.0,17.3
2021-11-02,392.92,390.55,369.0,0.0,17.7
2021-11-03,392.86,390.45,359.0,0.0,17.4
2021-11-04,392.73,390.22,334.0,0.0,17.2
2021-11-05,392.68,390.2,330.0,0.0,16.2
2021-11-06,392.74,390.3,351.0,0.0,19.6
2021-11-07,392.63,390.16,324.0,0.0,18.6
2021-11-08,392.51,390.0,304.0,0.0,17.9
2021-11-09,392.49,389.85,289.0,0.0,18.0
2021-11-10,392.45,389.85,291.0,0.0,17.8
2021-11-11,392.2,389.5,252.0,0.0,17.7
2021-11-12,392.3,389.62,265.0,0.0,17.0
2021-11-13,392.33,389.55,252.0,0.0,16.4
2021-11-14,392.29,389.49,250.0,0.0,15.7
2021-11-15,391.97,389.21,237.0,0.0,15.3
2021-11-16,391.91,388.93,220.0,0.0,14.9
2021-11-17,391.71,388.67,203.0,0.0,14.8
2021-11-18,392.07,389.24,257.0,0.0,15.6
2021-11-19,392.15,389.2,247.0,0.0,14.7
2021-11-20,391.7,388.75,197.0,0.0,14.8
2021-11-21,420.67,388.75,86.5,0.0,14.9
2021-11-22,426.54,386.52,202.0,0.0,15.0
2021-11-23,426.6,386.58,211.0,0.0,15.0
2021-11-24,426.75,386.58,211.0,0.0,14.7
2021-11-25,426.87,386.59,221.0,0.0,15.1
2021-11-26,426.74,386.44,211.0,0.0,14.4
2021-11-27,426.7,386.4,206.0,0.0,14.5
2021-11-28,426.7,386.39,205.0,0.0,14.6
2021-11-29,426.7,386.42,206.0,0.0,14.6
2021-11-30,426.58,386.34,197.0,0.0,14.2
2021-12-01,427.24,386.26,186.0,0.0,13.7
2021-12-02,429.92,385.85,146.0,0.0,14.0
2021-12-03,431.56,386.04,164.0,0.0,15.3
2021-12-04,432.26,386.16,176.0,0.0,15.9
2021-12-05,433.96,385.79,138.0,8.0,13.6
2021-12-06,435.63,385.85,147.0,0.0,13.7
2021-12-07,436.87,386.24,188.0,0.0,13.2
2021-12-08,437.44,386.27,191.0,0.0,13.9
2021-12-09,438.99,385.81,141.0,0.0,14.0
2021-12-10,440.26,385.87,146.0,0.0,13.7
2021-12-11,440.68,386.25,186.0,0.0,12.7
2021-12-12,440.63,385.78,154.0,0.0,11.5
2021-12-13,442.6,385.36,108.0,0.0,11.4
2021-12-14,444.4,385.42,112.0,0.0,9.5
2021-12-15,446.32,385.48,114.0,0.0,10.4
2021-12-16,446.56,386.1,171.0,0.0,8.6
2021-12-17,446.76,386.12,173.0,0.0,8.2
2021-12-18,447.59,385.71,133.0,0.0,8.9
2021-12-19,448.51,385.81,141.0,0.0,9.3
2021-12-20,448.55,386.17,183.0,0.0,10.0
2021-12-21,447.26,386.73,239.0,0.0,11.3
2021-12-22,446.42,386.27,192.0,0.0,11.6
2021-12-23,446.65,385.54,124.0,0.0,13.7
2021-12-24,446.61,386.01,163.0,0.0,12.7
2021-12-25,446.83,386.02,164.0,0.0,12.0041666666667
2021-12-26,446.55,386.05,163.0,0.0,10.1833333333333
2021-12-27,446.35,386.05,149.0,0.5,9.14583333333333
2021-12-28,446.65,385.87,150.0,0.5,10.4125
2021-12-29,446.85,385.87,150.0,0.0,11.4541666666667
2021-12-30,446.1,386.41,205.0,0.0,10.1833333333333
2021-12-31,445.17,386.37,200.0,0.0,11.0291666666667
2022-01-01,444.3,386.45,206.508224487305,0.0,9.75833333333333
2022-01-02,443.22,386.41,250.964050292969,0.0,12.6625
2022-01-03,442.48,386.34,169.2861328125,3.0,11.1625
2022-01-04,441.71,386.33,190.814025878906,25.5,9.65
2022-01-05,441.75,386.31,186.931915283203,25.0,8.40833333333333
2022-01-06,443.06,386.35,193.99153137207,13.0,9.55833333333333
2022-01-07,443.35,386.64,167.051162719727,85.0,9.47916666666667
2022-01-08,445.92,389.69,180.906143188477,0.5,8.8
2022-01-09,443.05,388.64,173.964950561523,0.0,10.0416666666667
2022-01-10,443.1,387.24,176.668395996094,0.0,9.29583333333333
2022-01-11,444.12,387.07,123.400337219238,0.0,11.2375
2022-01-12,444.41,387.35,135.964950561523,0.5,11.975
2022-01-13,444.91,387.36,139.964950561523,0.0,11.7375
2022-01-14,445.06,387.62,210.947372436523,0.0,11.1333333333333
2022-01-15,444.48,387.56,181.83984375,0.0,9.65416666666667
2022-01-16,444.04,387.49,162.195419311523,0.0,9.77083333333333
2022-01-17,443.34,387.47,154.644424438477,0.0,8.3375
2022-01-18,442.89,387.43,141.0,0.0,10.3208333333333
2022-01-19,442.47,387.34,150.515731811523,0.5,10.0041666666667
2022-01-20,442.32,387.31,141.552627563477,0.0,11.6375
2022-01-21,442.06,387.27,193.0,3.0,10.175
2022-01-22,442.05,387.1,145.141708374023,20.5,7.95
2022-01-23,442.55,387.61,142.323028564453,10.0,7.2875
2022-01-24,442.59,387.51,141.823028564453,0.5,9.80833333333334
2022-01-25,442.63,386.25,141.355575561523,2.0,10.4541666666667
2022-01-26,444.05,387.16,127.858291625977,0.0,10.425
2022-01-27,446.76,386.02,160.804580688477,0.0,10.6333333333333
2022-01-28,447.45,386.21,139.195419311523,0.0,10.7333333333333
2022-01-29,448.87,386.82,140.036895751953,0.0,12.025
2022-01-30,449.71,386.87,136.035537719727,0.0,12.4208333333333
2022-01-31,450.39,386.85,153.040252685547,0.0,11.9333333333333
2022-02-01,450.84,386.92,128.405548095703,0.0,13.0166666666667
2022-02-02,451.23,386.92,143.570098876953,7.5,10.0083333333333
2022-02-03,451.52,386.99,119.905548095703,0.0,8.95416666666667
2022-02-04,451.98,387.0,175.866638183594,0.0,9.825
2022-02-05,452.25,387.01,238.269424438477,0.0,10.5125
2022-02-06,452.37,387.05,219.168395996094,0.5,11.6083333333333
2022-02-07,451.84,387.27,870.738525390625,0.0,13.9583333333333
2022-02-08,451.68,387.29,376.1787109375,0.0,13.2208333333333
2022-02-09,451.52,387.24,273.296539306641,0.0,13.1666666666667
2022-02-10,451.85,386.93,220.5,0.5,11.8791666666667
2022-02-11,451.98,387.02,235.668395996094,0.0,13.5166666666667
2022-02-12,452.62,386.6,266.634704589844,0.0,13.2208333333333
2022-02-13,452.66,386.97,264.668395996094,0.0,13.25
2022-02-14,452.72,386.93,243.006561279297,0.0,12.9291666666667
2022-02-15,452.87,386.93,230.73193359375,0.0,13.9083333333333
2022-02-16,453.22,386.76,225.70344543457,0.0,14.6833333333333
2022-02-17,453.57,386.71,221.73193359375,0.0,14.6833333333333
2022-02-18,453.86,386.76,243.668395996094,0.0,15.7333333333333
2022-02-19,454.09,386.83,220.03369140625,0.0,15.15
2022-02-20,453.48,387.76,228.838165283203,0.0,15.9875
2022-02-21,452.47,387.55,224.124786376953,0.0,15.1791666666667
2022-02-22,451.43,387.47,227.103088378906,15.5,15.8
2022-02-23,450.74,387.37,245.521697998047,0.0,11.875
2022-02-24,451.03,387.45,284.959320068359,1.5,12.2083333333333
2022-02-25,449.9,388.22,324.518432617188,20.0,8.56666666666667
2022-02-26,449.59,388.37,337.518432617188,3.0,9.7125
2022-02-27,449.2,388.37,319.681304931641,0.0,12.2041666666667
2022-02-28,448.85,388.21,300.8740234375,0.0,13.4416666666667
2022-03-01,448.55,388.2,297.678588867188,0.0,14.9583333333333
2022-03-02,447.8,388.47,331.8740234375,0.5,16.3208333333333
2022-03-03,447.43,388.4,354.355590820313,1.5,12.4416666666667
2022-03-04,447.65,388.44,380.0,0.0,16.0541666666667
2022-03-05,447.95,388.45,419.481567382813,0.0,17.5791666666667
2022-03-06,447.76,388.08,362.518432617188,32.0,15.7625
2022-03-07,449.39,388.35,808.284057617188,0.0,14.9291666666667
2022-03-08,449.47,389.02,627.055358886719,0.0,18.1208333333333
2022-03-09,448.06,388.91,546.215515136719,0.5,18.0083333333333
2022-03-10,448.07,388.64,525.83984375,0.0,19.0458333333333
2022-03-11,447.93,388.66,505.5,0.0,19.8333333333333
2022-03-12,447.98,388.65,530.677001953125,0.0,20.3458333333333
2022-03-13,448.51,388.68,544.177001953125,0.0,22.0208333333333
2022-03-14,448.89,388.75,580.2861328125,0.0,22.6041666666667
2022-03-15,449.83,389.45,687.944641113281,0.0,25.4875
2022-03-16,449.83,389.45,760.37353515625,0.0,26.7708333333333
2022-03-17,450.02,389.41,814.5,0.0,26.8166666666667
2022-03-18,450.41,389.44,896.998352050781,8.5,24.2791666666667
2022-03-19,450.97,389.42,941.277587890625,0.0,24.1958333333333
2022-03-20,451.84,390.28,1187.27490234375,0.0,23.7041666666667
2022-03-21,449.95,390.13,968.392456054688,0.0,24.425
2022-03-22,449.45,389.88,914.0,0.0,24.525
2022-03-23,449.18,389.82,880.66015625,0.0,22.8166666666667
2022-03-24,448.98,389.83,855.855590820313,0.0,23.475
2022-03-25,449.3,389.75,822.162841796875,0.0,23.525
2022-03-26,448.87,389.7,788.355590820313,0.0,24.3833333333333
2022-03-27,448.74,389.73,808.837158203125,0.0,24.075
2022-03-28,448.64,389.68,810.674255371094,0.0,24.7
2022-03-29,448.76,389.67,826.481567382813,0.0,24.6416666666667
2022-03-30,448.85,389.76,825.141723632813,0.0,24.7666666666667
2022-03-31,448.64,389.77,790.5,1.0,26.0
2022-04-01,448.17,389.67,762.5,0.0,26.6666666666667
2022-04-02,448.62,389.67,786.658508300781,0.0,24.8041666666667
2022-04-03,449.22,389.76,782.807312011719,0.0,26.3041666666667
2022-04-04,449.2,389.92,762.195434570313,0.0,26.6583333333333
2022-04-05,448.56,389.79,723.162841796875,0.0,25.8875
2022-04-06,449.39,389.6,727.321411132813,0.0,26.725
2022-04-07,450.47,389.69,757.456604003906,0.0,27.4708333333333
2022-04-08,451.68,389.66,755.921325683594,0.0,27.9666666666667
2022-04-09,453.94,389.5,800.193481445313,0.0,29.4083333333333
2022-04-10,454.67,389.72,788.0,0.0,30.4916666666667
2022-04-11,454.08,389.64,741.543395996094,0.0,28.775
2022-04-12,454.3,389.59,732.5,2.5,28.1208333333333
2022-04-13,455.4,389.59,818.130004882813,0.0,26.9916666666667
2022-04-14,455.45,389.75,863.315002441406,0.0,26.6583333333333
2022-04-15,454.7,389.7,727.700744628906,0.0,26.1
2022-04-16,454.76,389.12,656.8779296875,0.0,26.9083333333333
2022-04-17,456.07,388.61,734.933349609375,0.0,28.1083333333333
2022-04-18,456.15,388.91,710.010498046875,0.0,28.8333333333333
2022-04-19,456.9,389.15,765.0,0.0,28.0916666666667
2022-04-20,456.65,389.25,781.684997558594,2.5,28.4208333333333
2022-04-21,456.36,389.21,784.804443359375,0.5,24.0291666666667
2022-04-22,455.8,389.16,767.261047363281,0.0,24.4083333333333
2022-04-23,455.82,389.12,741.565551757813,0.0,26.4875
2022-04-24,454.49,389.16,686.665466308594,0.0,28.1125
2022-04-25,453.13,389.05,674.660034179688,0.0,28.0208333333333
2022-04-26,455.07,388.67,691.696166992188,0.0,29.5
2022-04-27,456.72,388.84,684.010498046875,0.0,30.7291666666667
2022-04-28,457.0,388.95,729.434448242188,1.0,31.15
2022-04-29,457.4,389.11,836.391052246094,0.0,20.7666666666667
2022-04-30,456.97,389.07,831.5,0.5,31.4333333333333
2022-05-01,456.79,389.85,759.054992675781,0.0,31.7166666666667
2022-05-02,456.95,389.75,877.391052246094,2.5,30.8166666666667
2022-05-03,456.78,390.77,990.923950195313,0.5,27.3083333333333
2022-05-04,457.44,390.82,968.608947753906,18.5,23.0291666666667
2022-05-05,457.22,390.53,925.0,0.0,26.9708333333333
2022-05-06,457.14,390.67,792.804443359375,0.0,27.9625
2022-05-07,456.86,390.59,798.880554199219,0.0,28.6875
2022-05-08,457.12,390.63,776.184997558594,0.0,30.0541666666667
2022-05-09,457.79,390.88,974.553955078125,1.0,29.8916666666667
2022-05-10,457.2,391.34,969.446044921875,0.0,30.8583333333333
2022-05-11,457.83,390.95,954.119445800781,0.0,31.9791666666667
2022-05-12,457.97,391.25,1000.88055419922,0.0,32.425
2022-05-13,457.85,391.47,1015.0,0.0,33.7583333333333
2022-05-14,456.79,391.4,958.565551757813,0.0,34.4666666666667
2022-05-15,458.39,391.29,990.130004882813,0.0,34.05
2022-05-16,457.98,390.26,995.238952636719,0.0,34.0791666666667
2022-05-17,457.73,391.18,889.761047363281,5.0,29.0625
2022-05-18,457.17,391.17,815.2939453125,0.0,30.0125
2022-05-19,458.14,390.24,774.760009765625,10.0,29.0541666666667
2022-05-20,457.28,390.95,777.184997558594,1.0,26.3
2022-05-21,457.83,391.15,895.380554199219,0.0,29.5166666666667
2022-05-22,457.12,391.25,802.304443359375,0.0,28.35
2022-05-23,456.73,390.97,731.761047363281,0.0,26.0833333333333
2022-05-24,458.02,390.35,678.510498046875,0.0,24.8333333333333
2022-05-25,458.32,390.43,710.315002441406,0.0,27.4041666666667
2022-05-26,457.57,390.65,740.184997558594,0.0,29.6666666666667
2022-05-27,457.57,390.65,779.891052246094,2.0,30.1916666666667
2022-05-28,457.57,390.7,922.868896484375,0.0,29.6583333333333
2022-05-29,457.72,390.91,849.304443359375,1.5,28.3833333333333
2022-05-30,457.2,390.56,827.673400878906,0.0,29.7666666666667
2022-05-31,458.0,389.76,763.195556640625,0.0,29.0916666666667
2022-06-01,458.05,390.07,711.946044921875,0.0,30.625
2022-06-02,458.05,389.82,631.2939453125,0.0,32.4458333333333
2022-06-03,458.1,389.34,672.064453125,0.0,33.5125
2022-06-04,458.79,389.49,621.695556640625,0.0,33.925
2022-06-05,458.83,389.53,595.380554199219,0.0,34.1875
2022-06-06,459.52,389.39,626.510498046875,0.0,34.7666666666667
2022-06-07,460.18,389.61,656.619445800781,0.0,34.7583333333333
2022-06-08,460.56,389.61,647.5,0.0,34.6583333333333
2022-06-09,460.91,389.59,625.122741699219,0.0,34.475
2022-06-10,458.86,391.66,665.110046386719,0.0,34.6458333333333
2022-06-11,457.89,390.44,631.880554199219,0.0,34.3666666666667
2022-06-12,458.45,389.97,601.434448242188,6.5,32.7416666666667
2022-06-13,459.2,389.78,526.695556640625,0.0,32.8833333333333
2022-06-14,460.59,389.65,592.037841796875,0.0,34.875
2022-06-15,460.49,389.35,642.0,1.5,34.4833333333333
2022-06-16,461.14,390.15,629.705749511719,8.5,29.5916666666667
2022-06-17,460.92,390.43,676.705749511719,0.0,26.6416666666667
2022-06-18,460.98,390.49,671.377258300781,31.5,24.2541666666667
2022-06-19,460.7,390.49,737.834838867188,12.0,23.2125
2022-06-20,460.94,390.21,683.786010742188,29.0,23.5083333333333
2022-06-21,460.23,389.7,651.286010742188,49.5,21.0
2022-06-22,460.78,393.11,1285.0,0.0,24.3583333333333
2022-06-23,460.5,393.28,1383.08215332031,0.0,27.7333333333333
2022-06-24,461.18,392.57,1145.82849121094,0.0,29.5958333333333
2022-06-25,461.34,392.6,987.286010742188,0.0,31.3333333333333
2022-06-26,460.19,392.61,1164.11950683594,0.0,32.1958333333333
2022-06-27,460.57,392.52,1157.5830078125,0.0,32.8541666666667
2022-06-28,459.79,392.59,1137.6416015625,0.0,33.4958333333333
2022-06-29,459.53,392.6,1071.76110839844,0.0,33.1166666666667
2022-06-30,460.14,392.07,1105.51049804687,0.0,29.9666666666667
2022-07-01,460.7,392.23,1169.28601074219,0.0,26.1833333333333
2022-07-02,460.36,392.92,1138.29699707031,0.0,28.6583333333333
2022-07-03,460.04,392.24,1093.19555664062,0.0,28.425
2022-07-04,459.98,392.55,1187.31494140625,0.0,29.5583333333333
2022-07-05,459.55,392.13,1033.23889160156,0.0,26.35
2022-07-06,459.16,392.84,1043.97900390625,0.0,27.0208333333333
2022-07-07,459.4,391.82,990.934448242188,0.0,30.125
2022-07-08,460.14,391.59,926.5,0.0,30.0458333333333
2022-07-09,460.39,391.42,934.489013671875,0.0,26.7166666666667
2022-07-10,460.06,391.5,921.076049804688,0.0,26.6791666666667
2022-07-11,460.5,391.14,957.120849609375,0.0,26.2583333333333
2022-07-12,459.39,391.25,804.804443359375,0.0,27.0291666666667
2022-07-13,459.06,390.88,754.576049804688,0.0,25.5791666666667
2022-07-14,459.52,390.98,786.695556640625,0.0,24.6916666666667
2022-07-15,459.52,390.98,748.665161132813,0.0,27.0625
2022-07-16,459.38,390.99,732.304443359375,0.0,28.6583333333333
2022-07-17,459.43,390.51,681.0,0.0,26.2958333333333
2022-07-18,459.67,390.6,673.883239746094,0.0,29.3583333333333
2022-07-19,459.87,390.54,690.119445800781,0.0,30.6708333333333
2022-07-20,460.28,390.54,753.960266113281,0.0,25.8875
2022-07-21,460.13,390.88,734.122741699219,0.0,23.9
2022-07-22,460.36,390.71,680.0,0.0,26.7708333333333
2022-07-23,459.3,390.61,651.0,0.0,26.7583333333333
2022-07-24,460.45,390.24,790.498168945313,6.0,26.8208333333333
2022-07-25,459.89,390.82,712.304443359375,3.5,25.1125
2022-07-26,460.14,390.64,762.699768066406,73.5,26.6666666666667
2022-07-27,459.09,390.24,719.2060546875,0.0,25.4375
2022-07-28,460.5,392.57,1094.48901367187,34.0,24.5375
2022-07-29,460.56,392.7,1115.87731933594,33.5,24.675
2022-07-30,459.67,392.01,999.0,31.5,27.1125
2022-07-31,460.34,391.18,957.415161132813,7.5,26.0541666666667
2022-08-01,460.5,392.77,1286.75451660156,0.0,25.2333333333333
2022-08-02,459.92,392.95,1094.85949707031,0.0,27.2166666666667
2022-08-03,460.25,391.87,962.5,0.0,28.5166666666667
2022-08-04,460.19,391.49,913.205749511719,31.0,28.9791666666667
2022-08-05,460.22,391.99,916.539733886719,0.0,26.15
2022-08-06,459.86,391.64,836.108947753906,35.0,27.7416666666667
2022-08-07,460.02,391.35,837.0,23.5,27.7458333333333
2022-08-08,459.89,391.25,821.761047363281,0.0,27.9458333333333
2022-08-09,459.87,390.74,756.315002441406,0.0,29.6041666666667
2022-08-10,459.71,390.81,705.304443359375,0.0,30.3375
2022-08-11,459.78,390.49,691.315002441406,3.0,25.6875
2022-08-12,459.91,390.69,665.565551757813,0.0,29.1541666666667
2022-08-13,460.23,390.67,777.460266113281,0.0,29.2708333333333
2022-08-14,459.86,390.52,658.880554199219,43.0,28.9333333333333
2022-08-15,460.02,390.63,789.630004882813,1.5,24.325
2022-08-16,460.14,390.76,695.745422363281,22.0,27.4125
2022-08-17,460.11,391.01,853.749450683594,0.0,25.95
2022-08-18,460.24,390.68,826.457580566406,0.0,20.5125
2022-08-19,459.64,390.42,645.421203613281,0.0,28.8833333333333
2022-08-20,459.74,390.22,551.184997558594,5.5,26.65
2022-08-21,460.47,391.54,773.084838867188,0.0,26.9083333333333
2022-08-22,459.78,390.34,658.195556640625,0.0,28.225
2022-08-23,459.84,390.56,637.684997558594,20.0,29.0416666666667
2022-08-24,460.02,390.46,754.249450683594,30.0,23.4291666666667
2022-08-25,460.25,390.42,1640.0,3.0,24.5
2022-08-26,460.4,392.98,1674.0,0.0,25.0
2022-08-27,460.04,392.93,1653.0,0.0,26.8708333333333
2022-08-28,460.63,392.3,1031.54248046875,0.0,26.55
2022-08-29,460.55,391.8,938.5830078125,0.0,27.3375
2022-08-30,459.99,391.64,860.119445800781,0.0,28.05
2022-08-31,460.01,391.37,756.184997558594,0.0,28.1666666666667
2022-09-01,459.94,391.09,738.619445800781,0.0,28.4708333333333
2022-09-02,459.96,390.71,705.510498046875,0.0,28.1541666666667
2022-09-03,460.11,390.68,688.192260742188,37.0,27.6916666666667
2022-09-04,460.11,390.77,665.0,5.0,24.5166666666667
2022-09-05,459.86,390.8,650.619445800781,1.5,23.7291666666667
2022-09-06,460.13,390.36,588.751831054688,0.0,25.8791666666667
2022-09-07,460.29,390.35,556.0,0.0,27.2
2022-09-08,460.29,390.38,535.294250488281,0.0,28.2458333333333
2022-09-09,460.29,390.38,478.0,1.0,28.4291666666667
2022-09-10,460.62,389.86,525.408752441406,15.0,23.8875
2022-09-11,460.51,389.95,474.0,25.5,22.7
2022-09-12,460.17,390.67,549.165161132813,0.0,25.1041666666667
2022-09-13,460.2,389.97,528.5830078125,0.0,26.2833333333333
2022-09-14,460.33,389.67,456.705718994141,0.0,26.625
2022-09-15,460.21,389.64,470.629119873047,18.0,26.85
2022-09-16,460.26,389.73,443.325744628906,2.0,25.4166666666667
2022-09-17,460.34,389.64,418.0,0.0,24.7333333333333
2022-09-18,460.38,389.59,408.0,0.0,25.4
2022-09-19,460.47,389.37,388.828460693359,0.0,26.075
2022-09-20,460.48,389.6,363.419708251953,0.0,26.5125
2022-09-21,460.61,389.32,350.171539306641,0.0,26.2208333333333
2022-09-22,460.19,389.12,355.877288818359,17.0,27.0083333333333
2022-09-23,460.35,389.09,379.580291748047,0.0,25.0625
2022-09-24,460.35,389.12,351.874572753906,11.5,24.0333333333333
2022-09-25,460.18,389.16,370.254547119141,0.5,23.65
2022-09-26,460.47,389.21,349.0,0.0,24.275
2022-09-27,460.21,389.41,334.419708251953,0.0,24.9791666666667
2022-09-28,460.09,388.98,279.296997070313,0.0,25.7
2022-09-29,460.12,388.86,327.705718994141,0.0,25.2583333333333
2022-09-30,460.16,388.77,224.542419433594,0.0,25.7041666666667
2022-10-01,460.3,388.67,289.874572753906,7.0,25.6333333333333
2022-10-02,460.35,389.24,304.419708251953,0.0,24.75
2022-10-03,460.69,388.67,273.0,0.0,24.55
2022-10-04,460.28,388.52,334.286010742188,0.0,24.6791666666667
2022-10-05,460.45,388.66,321.080291748047,0.0,24.1208333333333
2022-10-06,460.46,388.56,290.705718994141,0.0,23.6458333333333
2022-10-07,460.46,388.56,249.0,0.0,23.9041666666667
2022-10-08,460.54,388.43,212.79426574707,0.0,23.0625
2022-10-09,460.48,388.39,240.0,0.0,23.1041666666667
2022-10-10,460.43,388.61,217.870880126953,0.0,22.8541666666667
2022-10-11,460.52,388.19,234.82844543457,14.5,20.6375
2022-10-12,460.72,388.02,219.82844543457,0.0,20.0375
2022-10-13,460.81,388.29,219.0,0.0,21.3125
2022-10-14,460.94,388.02,219.82844543457,0.0,21.9791666666667
2022-10-15,460.97,388.02,208.5,0.0,21.9083333333333
2022-10-16,460.96,388.02,230.5,0.0,22.4333333333333
2022-10-17,460.95,388.22,240.251846313477,0.0,21.9791666666667
2022-10-18,460.95,387.92,178.17155456543,0.0,21.0166666666667
2022-10-19,460.93,388.25,226.0,8.5,20.3916666666667
2022-10-20,460.96,388.26,230.87727355957,0.0,16.3416666666667
2022-10-21,460.95,388.52,239.12272644043,0.0,19.3375
2022-10-22,460.93,388.38,238.5,0.5,19.7375
2022-10-23,460.96,388.22,222.5,0.0,19.6375
2022-10-24,461.08,388.24,223.5,0.5,19.7333333333333
2022-10-25,461.05,388.02,231.37727355957,0.0,19.7166666666667
2022-10-26,461.11,388.08,208.0,0.0,19.9416666666667
2022-10-27,461.06,388.21,217.5,0.0,20.1875
2022-10-28,461.0,388.0,212.0,8.0,20.0875
2022-10-29,461.03,388.06,219.0,0.0,19.5875
2022-10-30,461.09,388.06,204.0,0.0,20.025
2022-10-31,461.13,388.06,235.0,0.0,19.3458333333333
2022-11-01,461.1,387.87,183.0,0.0,21.3958333333333
2022-11-02,461.04,387.82,222.0,0.0,21.2416666666667
2022-11-03,461.07,387.83,195.8772736,0.0,20.2083333333333
2022-11-04,461.1,388.52,182.625427246094,0.0,19.6791666666667
2022-11-05,461.05,387.7,167.5,19.5,18.8833333333333
2022-11-06,461.02,388.04,228.70573425293,14.5,16.3791666666667
2022-11-07,461.16,388.63,305.0,0.0,15.8541666666667
2022-11-08,461.03,388.9,366.457580566406,0.0,16.3166666666667
2022-11-09,461.01,388.81,310.877288818359,2.0,14.7666666666667
2022-11-10,461.04,388.83,279.122711181641,0.0,15.8208333333333
2022-11-11,461.14,389.2,359.377288818359,0.0,16.6708333333333
2022-11-12,461.12,388.79,293.5,0.0,16.1125
2022-11-13,460.98,388.81,291.0,3.0,14.525
2022-11-14,460.96,388.81,296.0,10.5,12.2166666666667
2022-11-15,460.96,389.35,366.122711181641,0.0,14.3291666666667
2022-11-16,461.13,389.01,355.203002929688,0.0,13.2291666666667
2022-11-17,461.13,388.62,322.580291748047,0.0,14.9583333333333
2022-11-18,460.97,388.68,277.5,0.0,14.5625
2022-11-19,460.99,388.68,255.12272644043,0.0,14.8666666666667
2022-11-20,461.12,388.64,241.296981811523,0.0,15.4041666666667
2022-11-21,460.98,388.68,260.0,0.5,15.0833333333333
2022-11-22,460.92,388.48,257.0,0.0,15.15
2022-11-23,460.99,388.52,202.4169921875,0.0,14.75
2022-11-24,461.0,388.52,207.62272644043,0.0,15.3625
2022-11-25,460.84,388.52,214.87727355957,0.0,15.0
2022-11-26,460.82,388.4,244.0,0.0,14.5583333333333
2022-11-27,460.83,388.4,204.12272644043,0.0,14.4791666666667
2022-11-28,460.94,388.29,233.0,0.0,14.4666666666667
2022-11-29,460.91,388.19,236.0,0.0,14.4583333333333
2022-11-30,460.88,388.12,217.0,0.0,14.3041666666667
2022-12-01,460.89,387.9,224.0,0.0,14.4583333333333
2022-12-02,460.95,388.08,225.82844543457,0.0,13.8583333333333
2022-12-03,460.93,387.94,212.874572753906,0.0,13.7666666666667
2022-12-04,460.88,388.06,190.12272644043,0.0,13.85
2022-12-05,460.9,387.81,197.0,0.0,13.4583333333333
2022-12-06,460.88,388.04,210.5,0.0,13.3916666666667
2022-12-07,461.04,387.74,203.82844543457,0.0,13.5
2022-12-08,460.9,387.86,186.0,0.0,12.8666666666667
2022-12-09,460.84,387.84,176.17155456543,0.0,15.1333333333333
2022-12-10,460.94,387.75,177.0,0.0,15.6041666666667
2022-12-11,460.87,387.88,205.825744628906,0.0,14.7958333333333
2022-12-12,460.87,387.88,185.748153686523,0.0,13.8666666666667
2022-12-13,460.93,387.93,180.0,0.0,14.1291666666667
2022-12-14,460.9,387.61,172.0,0.0,13.025
2022-12-15,460.67,387.53,181.87727355957,0.0,13.0875
2022-12-16,460.79,387.67,165.67155456543,0.0,13.3083333333333
2022-12-17,460.84,387.62,192.37727355957,0.0,13.2375
2022-12-18,460.8,387.64,175.0,0.0,12.775
2022-12-19,460.97,387.66,191.0,0.0,12.2541666666667
2022-12-20,460.96,387.66,173.0,0.0,12.2458333333333
2022-12-21,461.03,387.95,184.0,0.0,11.7791666666667
2022-12-22,460.95,387.59,166.0,0.0,11.1083333333333
2022-12-23,460.95,387.46,154.0,0.0,9.3125
2022-12-24,460.65,387.44,137.62272644043,0.0,9.72083333333333
2022-12-25,460.65,387.45,122.294273376465,0.0,9.94166666666666
2022-12-26,460.65,387.42,154.0,0.0,11.1625
2022-12-27,460.66,387.48,123.296981811523,0.0,11.8208333333333
2022-12-28,460.44,387.45,139.12272644043,0.0,11.6166666666667
2022-12-29,460.34,387.42,121.294273376465,8.5,9.125
2022-12-30,460.28,387.42,137.12272644043,0.0,11.1416666666667
2022-12-31,460.46,387.37,150.0,0.0,12.3117647058824
2023-01-01,460.56,388.15,134.12272644043,0.0,6.3
2023-01-02,460.65,388.1,134.17155456543,0.0,5.7
2023-01-03,460.71,388.07,134.17155456543,0.0,5.4
2023-01-04,460.68,388.02,135.17155456543,0.0,4.9
2023-01-05,460.64,388.08,118.796981811523,0.0,5.8
2023-01-06,460.59,388.06,118.245445251465,0.0,4.8
2023-01-07,460.52,388.01,135.12272644043,0.0,9.3
2023-01-08,460.68,388.08,120.245445251465,0.0,10.7
2023-01-09,460.64,388.06,111.599998474121,0.0,11.5
2023-01-10,460.64,388.15,106.4169921875,0.0,9.6
2023-01-11,460.59,388.1,154.5,15.0,10.6
2023-01-12,460.52,388.19,151.919708251953,0.5,8.4
2023-01-13,460.56,388.15,158.336700439453,0.0,7.5
2023-01-14,460.65,388.1,153.79426574707,0.0,5.0
2023-01-15,460.86,388.07,178.29426574707,0.5,5.7
2023-01-16,460.98,388.21,167.12272644043,0.0,5.2
2023-01-17,460.94,388.19,160.53971862793,0.0,4.7
2023-01-18,460.82,388.22,150.248153686523,0.0,5.1
2023-01-19,460.77,388.04,150.12272644043,0.0,6.7
2023-01-20,460.74,388.09,169.29426574707,0.5,8.1
2023-01-21,460.81,388.01,155.24543762207,1.5,8.1
2023-01-22,460.56,388.15,168.213973999023,0.0,8.9
2023-01-23,460.65,388.1,226.757568359375,0.0,6.8
2023-01-24,460.71,388.07,183.11946105957,3.5,7.7
2023-01-25,460.15,388.02,123.745445251465,4.0,8.8
2023-01-26,460.77,388.08,170.82844543457,0.0,4.5
2023-01-27,460.83,388.06,201.5,0.0,7.7
2023-01-28,460.93,388.01,166.12272644043,0.0,8.7
2023-01-29,460.86,388.25,179.12272644043,37.5,9.3
2023-01-30,460.68,388.4,236.24543762207,7.0,7.1
2023-01-31,460.9,388.19,228.62272644043,0.0,7.9
2023-02-01,460.92,388.22,231.674255371094,0.0,9.9
2023-02-02,461.0,388.04,260.5,0.0,15.4
2023-02-03,460.24,388.09,236.24543762207,0.0,12.5
2023-02-04,460.41,388.01,229.296981811523,0.0,14.7
2023-02-05,460.62,388.15,302.460296630859,3.0,11.4
2023-02-06,461.19,388.1,269.703002929688,0.0,10.9
2023-02-07,460.59,388.07,283.959411621094,0.0,10.6
2023-02-08,459.83,388.01,274.761077880859,0.0,9.4
2023-02-09,460.35,388.67,284.377288818359,5.0,15.0
2023-02-10,461.03,388.65,314.580291748047,0.0,10.9
2023-02-11,459.49,388.62,287.763793945313,0.0,9.0
2023-02-12,459.3,388.63,324.380523681641,0.0,9.5
2023-02-13,457.68,388.67,231.315002441406,0.0,6.3
2023-02-14,460.5,388.63,323.580291748047,0.0,9.0
2023-02-15,460.48,388.76,303.374572753906,0.0,14.3
2023-02-16,460.39,388.97,301.0,0.0,14.9
2023-02-17,460.4,388.86,305.419708251953,0.0,14.3
2023-02-18,460.49,389.02,328.828460693359,0.0,13.5
2023-02-19,460.44,389.08,350.713989257813,0.0,14.9
2023-02-20,460.57,389.11,360.633666992188,2.5,14.0
2023-02-21,460.36,389.67,454.286010742188,0.0,15.6
2023-02-22,460.51,390.25,474.713989257813,0.0,12.1
2023-02-23,460.26,390.12,416.510955810547,0.0,17.0
2023-02-24,460.47,389.9,428.125427246094,0.0,13.1
2023-02-25,460.51,389.61,474.754547119141,1.0,13.2
2023-02-26,459.91,389.56,493.380523681641,0.5,17.0
2023-02-27,459.97,389.85,472.804473876953,0.0,14.6
2023-02-28,458.95,389.15,418.684997558594,1.5,13.9
2023-03-01,459.06,389.61,417.0,0.0,13.9
2023-03-02,460.24,389.55,419.0,7.0,14.8
2023-03-03,460.41,389.91,475.0,0.0,14.0
2023-03-04,460.43,389.59,485.0,0.0,14.6
2023-03-05,460.3,389.33,474.0,0.0,16.1
2023-03-06,460.61,389.18,469.870880126953,0.0,14.3
2023-03-07,460.16,388.99,444.5830078125,0.0,15.2
2023-03-08,460.2,388.91,419.0,0.0,16.3
2023-03-09,460.32,388.87,422.0,0.0,15.1
2023-03-10,460.34,388.86,450.0,0.0,15.7
2023-03-11,460.25,388.86,467.0,0.0,17.1
2023-03-12,460.31,388.89,498.0,0.0,17.4
2023-03-13,460.23,388.9,522.0,0.0,17.4
2023-03-14,460.27,388.85,534.0,0.0,17.3
2023-03-15,460.15,388.86,524.0,0.0,17.6
2023-03-16,460.32,388.92,538.0,0.0,12.5
2023-03-17,460.19,388.86,585.0,0.0,13.6
2023-03-18,460.25,388.81,536.0,0.0,14.6
2023-03-19,460.17,388.77,496.0,10.5,13.8
2023-03-20,460.3,388.77,566.0,6.0,15.0
2023-03-21,460.36,388.83,516.0,1.0,12.5
2023-03-22,460.23,388.67,518.0,6.0,15.5
2023-03-23,460.18,389.72,468.0,0.0,14.5
2023-03-24,460.32,389.94,480.0,0.0,14.5
2023-03-25,460.63,389.34,524.0,19.0,11.5
2023-03-26,460.47,389.93,485.0,4.5,15.2
2023-03-27,460.24,389.91,398.0,5.0,14.7
2023-03-28,460.15,389.63,455.0,0.0,16.1
2023-03-29,460.31,389.58,421.0,0.0,17.5
2023-03-30,460.3,390.04,480.0,0.0,15.2
2023-03-31,460.25,389.9,454.0,2.5,14.7
2023-04-01,460.27,389.08,447.328460693359,3.0,15.7
2023-04-02,460.32,388.94,531.540588378906,0.0,17.7
2023-04-03,460.34,390.33,534.4169921875,1.0,17.6
2023-04-04,460.43,390.7,638.122741699219,10.0,17.7
2023-04-05,460.41,390.28,564.0,0.0,20.0
2023-04-06,460.73,390.35,590.0,2.0,19.8
2023-04-07,460.6,390.16,561.0,0.0,22.2
2023-04-08,460.57,389.99,569.960266113281,0.0,22.8
2023-04-09,460.39,390.33,527.9169921875,0.0,23.1
2023-04-10,460.24,389.99,538.0,0.0,23.7
2023-04-11,460.05,389.92,520.0,0.0,24.8
2023-04-12,460.18,390.04,548.0,0.0,26.1
2023-04-13,460.27,390.5,581.0,0.0,26.6
2023-04-14,460.38,390.51,625.0,0.0,27.2
2023-04-15,460.53,390.61,673.0,0.0,28.0
2023-04-16,460.72,391.05,734.0,0.0,25.9
2023-04-17,460.74,391.56,853.0,0.0,27.7
2023-04-18,460.84,390.87,816.0,6.5,25.8
2023-04-19,460.98,393.44,1230.0,2.0,20.8
2023-04-20,460.92,393.26,1280.0,4.5,20.6
2023-04-21,460.91,393.26,1310.0,9.5,18.7
2023-04-22,460.39,392.34,1120.0,0.0,19.6
2023-04-23,460.36,393.12,1050.0,0.0,22.3
2023-04-24,460.86,392.82,1014.0,0.0,24.1
2023-04-25,460.96,392.63,990.0,0.0,24.9
2023-04-26,460.9,392.26,925.0,0.0,25.0
2023-04-27,461.0,392.55,1020.0,0.0,23.7
2023-04-28,460.73,392.9,1130.0,14.5,19.2
2023-04-29,460.85,393.38,1110.0,2.5,24.4
2023-04-30,460.97,392.76,1041.0,0.0,23.5
2023-05-01,461.0,392.57,1048.0,11.0,19.7
2023-05-02,460.91,392.84,1101.0,17.5,18.6
2023-05-03,461.02,392.57,1235.0830078125,2.0,19.4
2023-05-04,460.9,392.88,1261.75451660156,17.0,19.0
2023-05-05,460.91,392.65,1158.24816894531,1.0,22.7
2023-05-06,460.99,392.73,1141.75183105469,0.0,21.7
2023-05-07,460.94,391.98,1176.86633300781,2.5,23.0
2023-05-08,460.94,392.53,1135.0,0.0,22.3
2023-05-09,461.01,392.61,1075.87731933594,4.0,23.0
2023-05-10,460.95,392.06,1087.16333007812,0.0,26.4
2023-05-11,460.98,392.45,991.539733886719,0.0,27.7
2023-05-12,460.93,392.48,976.588562011719,0.0,28.1
2023-05-13,460.92,392.52,1117.5830078125,5.5,26.5
2023-05-14,460.98,392.73,1141.70300292969,0.0,27.3
2023-05-15,460.98,392.52,1128.45751953125,0.0,29.1
2023-05-16,460.96,392.51,1086.75451660156,0.0,26.8
2023-05-17,460.99,392.72,1198.40869140625,0.0,28.3
2023-05-18,460.98,392.82,1193.45751953125,0.5,27.5
2023-05-19,460.88,393.02,1190.0,0.0,28.1
2023-05-20,461.03,392.73,1198.0,0.0,29.3
2023-05-21,461.05,393.03,1266.0,0.0,31.3
2023-05-22,461.06,393.17,1301.0,0.0,33.1
2023-05-23,461.05,393.26,1420.0,0.0,29.8
2023-05-24,460.79,393.23,1432.0,3.5,23.8
2023-05-25,460.18,393.42,1666.0,9.0,22.4
2023-05-26,460.35,393.28,1314.0,2.0,22.6
2023-05-27,460.84,393.23,1569.0,0.0,24.7
2023-05-28,460.9,393.18,1428.0,0.0,26.4
2023-05-29,460.85,393.11,1400.0,0.0,24.7
2023-05-30,460.5,393.05,1337.0,4.0,23.2
2023-05-31,460.98,393.15,1371.0,9.0,19.8
2023-06-01,460.79,393.26,1619.0,31.5,18.1
2023-06-02,460.35,393.26,1620.0,25.5,22.3
2023-06-03,460.61,393.25,1498.0,0.0,24.9
2023-06-04,460.85,393.14,1481.0,0.0,27.3
2023-06-05,460.71,393.14,1367.0,0.0,28.1
2023-06-06,460.74,393.08,1380.0,0.0,27.8
2023-06-07,460.73,393.26,1478.0,14.5,24.2
2023-06-08,460.82,393.19,1466.0,10.0,27.4
2023-06-09,460.7,393.23,1554.0,0.0,28.1
2023-06-10,460.55,393.25,1630.0,0.0,29.6
2023-06-11,460.44,393.44,1680.0,14.5,27.2
2023-06-12,460.38,393.48,1712.0,0.0,29.8
2023-06-13,460.4,393.38,1795.0,6.0,31.4
2023-06-14,460.35,393.58,1833.0,0.0,30.4
2023-06-15,460.7,393.42,1807.0,3.0,28.0
2023-06-16,460.59,393.6,1830.0,0.0,28.2
2023-06-17,460.25,393.42,1678.0,0.0,29.9
2023-06-18,460.27,393.5,1732.0,0.0,30.7
2023-06-19,460.35,393.45,1666.0,12.5,27.2
2023-06-20,460.33,393.54,1783.0,0.0,31.1
2023-06-21,460.3,393.65,1815.0,0.0,32.0
2023-06-22,460.29,393.49,1853.0,0.0,33.0
2023-06-23,460.33,394.07,2056.0,0.0,33.0
2023-06-24,460.38,394.03,1958.0,0.0,31.7
2023-06-25,460.33,394.24,2025.0,11.0,31.4
2023-06-26,460.34,394.67,2493.0,76.5,31.5
2023-06-27,460.29,394.72,1980.0,0.0,28.6
2023-06-28,460.32,394.83,2065.0,0.0,27.7
2023-06-29,460.22,394.48,1759.0,0.0,28.8
2023-06-30,460.34,394.87,1889.0,3.0,26.4
2023-07-01,460.3,394.95,1820.0,0.0,28.2
2023-07-02,460.36,394.53,1784.0,0.0,29.9
2023-07-03,460.35,394.78,1760.0,0.0,29.9
2023-07-04,460.29,394.12,1753.0,16.5,26.6
2023-07-05,460.31,393.97,1739.0,0.5,26.4
2023-07-06,460.27,393.61,1559.0,0.0,27.1
2023-07-07,460.43,393.6,1559.0,0.0,27.3
2023-07-08,460.28,394.08,1910.0,50.0,27.1
2023-07-09,460.3,393.64,1708.0,0.0,27.5
2023-07-10,460.43,393.59,1615.0,0.0,29.2
2023-07-11,460.48,393.6,1549.0,0.0,28.8
2023-07-12,460.49,393.61,1660.0,0.0,26.9
2023-07-13,460.53,393.63,1640.0,9.0,27.3
2023-07-14,460.46,393.61,1574.0,0.0,25.5
2023-07-15,460.55,393.63,1576.0,11.5,27.3
2023-07-16,460.52,393.6,1636.0,0.5,29.2
2023-07-17,460.5,393.6,1641.0,0.0,28.5
2023-07-18,460.74,393.59,1550.0,0.0,25.6
2023-07-19,460.55,394.02,1714.0,47.0,27.5
2023-07-20,460.52,393.69,1580.0,10.5,28.4
2023-07-21,460.82,394.38,1826.0,0.0,26.5
2023-07-22,460.43,393.8,1601.0,0.0,24.8
2023-07-23,460.33,393.94,2087.0,38.5,27.9
2023-07-24,460.49,393.9,1800.0,0.0,26.4
2023-07-25,460.5,393.94,1762.0,11.5,27.2
2023-07-26,460.85,393.99,1824.0,0.5,25.2
2023-07-27,460.54,393.95,1750.0,107.0,24.5
2023-07-28,460.61,394.98,1621.0,12.5,25.7
2023-07-29,460.6,394.49,1995.0,53.5,27.6
2023-07-30,460.5,394.42,1631.0,0.0,27.4
2023-07-31,460.64,394.19,1538.0,0.0,27.5
2023-08-01,460.77,393.91,1463.0,0.0,28.2583333333333
2023-08-02,460.83,394.03,1369.0,0.0,28.2416666666667
2023-08-03,460.9,394.14,1387.0,11.5,28.4458333333333
2023-08-04,460.82,394.64,1280.0,0.0,27.6625
2023-08-05,460.94,394.74,1337.0,0.0,27.6708333333333
2023-08-06,460.88,394.25,1141.0,0.0,27.5875
2023-08-07,460.98,394.53,1170.0,31.5,25.95
2023-08-08,460.88,394.25,1133.0,0.0,28.5875
2023-08-09,460.95,393.83,1044.0,0.0,28.7458333333333
2023-08-10,460.86,393.88,991.0,9.5,26.6833333333333
2023-08-11,460.92,393.85,970.0,11.0,27.7166666666667
2023-08-12,460.85,393.86,895.0,0.0,29.1791666666667
2023-08-13,460.93,393.44,842.0,3.0,28.95
2023-08-14,460.9,393.33,827.0,11.5,25.3708333333333
2023-08-15,460.9,393.58,836.0,36.5,26.2333333333333
2023-08-16,460.9,393.28,768.0,0.0,28.2875
2023-08-17,460.89,393.35,767.0,0.0,27.0875
2023-08-18,460.9,393.2,685.0,0.0,28.0208333333333
2023-08-19,460.9,392.78,673.0,0.0,29.4375
2023-08-20,460.93,392.8,650.0,0.0,28.9375
2023-08-21,460.93,392.6,624.0,0.0,30.1833333333333
2023-08-22,460.99,392.6,630.0,0.0,30.375
2023-08-23,460.92,392.5,656.0,0.0,28.8125
2023-08-24,460.99,393.16,630.0,0.0,26.4541666666667
2023-08-25,460.9,392.3,568.0,8.0,25.5916666666667
2023-08-26,460.85,392.19,510.0,0.0,26.0916666666667
2023-08-27,460.82,392.16,500.0,0.0,26.9041666666667
2023-08-28,460.84,392.09,490.0,6.5,25.2333333333333
2023-08-29,460.85,392.38,503.0,0.0,26.6583333333333
2023-08-30,460.85,392.16,490.0,0.0,27.4958333333333
2023-08-31,460.78,391.79,435.0,0.0,28.3666666666667
2023-09-01,460.83,392.11,434.0,0.0,27.8
2023-09-02,460.85,391.95,440.0,0.0,27.2
2023-09-03,460.86,392.15,461.0,0.0,27.6
2023-09-04,460.88,391.79,414.0,0.0,25.2
2023-09-05,460.8,391.55,376.0,7.0,23.7291666666667
2023-09-06,460.89,391.76,408.0,0.0,25.8791666666667
2023-09-07,460.79,391.5,352.0,0.0,27.2
2023-09-08,460.65,391.48,330.0,0.0,28.2458333333333
2023-09-09,460.96,391.51,360.0,23.5,24.7
2023-09-10,460.88,391.46,350.0,0.0,23.8875
2023-09-11,460.88,391.66,360.0,0.0,22.7
2023-09-12,460.85,391.46,320.0,0.0,25.1041666666667
2023-09-13,460.8,391.5,335.0,0.0,26.2833333333333
2023-09-14,460.83,391.54,335.0,0.0,26.625
2023-09-15,460.86,391.85,360.0,20.5,22.4
2023-09-16,460.93,391.75,409.0,12.0,21.2
2023-09-17,460.8,391.5,330.0,0.0,24.7333333333333
2023-09-18,460.78,391.4,346.0,0.0,25.4
2023-09-19,460.89,391.61,370.0,0.0,26.075
2023-09-20,460.85,391.55,355.0,0.0,26.5125
2023-09-21,460.88,391.43,340.0,0.0,26.2208333333333
2023-09-22,460.92,391.58,340.0,12.0,20.8
2023-09-23,460.85,391.45,330.0,5.5,20.2
2023-09-24,460.8,391.45,312.0,0.0,24.0333333333333
2023-09-25,460.86,391.45,365.0,0.0,23.65
2023-09-26,460.85,391.5,326.0,0.0,24.275
2023-09-27,460.73,391.44,320.0,0.0,24.9791666666667
2023-09-28,460.67,391.43,295.0,0.0,25.7
2023-09-29,460.69,391.33,288.0,0.0,25.2583333333333
2023-09-30,460.78,391.33,290.0,0.0,25.7041666666667
2023-10-01,460.8,391.35,260.0,0.0,25.6333333333333
2023-10-02,460.83,391.25,330.0,0.0,24.75
2023-10-03,460.67,391.39,253.0,0.0,24.55
2023-10-04,460.59,391.27,240.0,0.0,24.6791666666667
2023-10-05,460.67,391.01,245.0,0.0,24.1208333333333
2023-10-06,460.83,391.06,234.0,0.0,23.6458333333333
2023-10-07,460.82,390.95,200.0,0.0,23.9041666666667
2023-10-08,460.89,390.94,236.0,0.0,23.0625
2023-10-09,460.96,391.08,220.0,0.0,23.1041666666667
2023-10-10,460.92,391.02,229.0,0.0,22.8541666666667
2023-10-11,460.95,391.0,240.0,0.0,20.6375
2023-10-12,460.88,390.95,214.0,0.0,20.0375
2023-10-13,460.89,390.91,210.0,0.0,21.3125
2023-10-14,460.92,390.96,210.0,8.5,18.6
2023-10-15,460.92,391.2,249.0,0.0,21.9083333333333
2023-10-16,460.9,390.89,260.0,10.5,18.2
2023-10-17,461.12,391.39,275.0,0.0,21.9791666666667
2023-10-18,460.86,391.49,312.0,0.0,21.0166666666667
2023-10-19,460.76,391.35,270.0,0.0,20.3916666666667
2023-10-20,461.02,391.39,257.0,0.0,19.8
2023-10-21,460.93,391.38,270.0,0.0,19.3375
2023-10-22,460.82,391.38,284.0,0.0,19.7375
2023-10-23,460.93,391.29,290.0,0.0,19.6375
2023-10-24,460.86,391.14,248.0,0.0,19.7333333333333
2023-10-25,460.85,391.17,260.0,0.0,19.7166666666667
2023-10-26,460.84,390.94,223.0,0.0,19.9416666666667
2023-10-27,460.84,390.94,236.0,0.0,20.1875
2023-10-28,460.85,391.36,262.0,0.0,20.0875
2023-10-29,460.82,391.0,225.0,0.0,19.5875
2023-10-30,460.83,390.89,209.0,0.0,20.025
2023-10-31,460.83,390.89,209.0,0.0,19.3458333333333
2023-11-01,460.4,391.04,218.0,0.0,21.3958333333333
2023-11-02,460.77,390.85,216.0,0.0,21.2416666666667
2023-11-03,460.8,390.8,214.0,0.0,20.2083333333333
2023-11-04,460.8,390.8,214.0,0.0,20.8
2023-11-05,460.86,390.76,202.0,0.0,21.2
2023-11-06,460.93,390.81,200.0,0.0,20.9
2023-11-07,460.89,390.7,169.0,0.0,21.8
2023-11-08,460.89,390.7,186.0,0.0,21.4
2023-11-09,460.89,390.7,180.0,0.0,20.6
2023-11-10,460.89,391.0,207.0,0.0,18.6
2023-11-11,460.86,391.35,300.0,0.0,16.6708333333333
2023-11-12,460.89,390.7,274.0,0.0,16.1125
2023-11-13,460.73,390.88,204.0,0.0,15.8
2023-11-14,460.8,391.21,230.0,0.0,15.2
2023-11-15,460.86,391.1,230.0,0.0,15.6
2023-11-16,460.86,391.1,230.0,0.0,15.4
2023-11-17,460.88,390.98,245.0,0.0,14.9583333333333
2023-11-18,460.84,390.94,215.0,0.0,14.5625
2023-11-19,460.84,390.95,210.0,0.0,14.8666666666667
2023-11-20,460.82,391.0,200.0,0.0,15.4041666666667
2023-11-21,460.84,390.76,211.0,0.0,15.0833333333333
2023-11-22,460.78,390.71,200.0,0.0,15.15
2023-11-23,460.79,390.71,200.0,0.0,14.75
2023-11-24,460.79,390.71,200.0,0.0,15.3625
2023-11-25,460.82,390.8,170.0,0.0,15.0
2023-11-26,460.78,390.75,170.0,0.0,14.5583333333333
2023-11-27,460.82,390.75,170.0,0.0,14.4791666666667
2023-11-28,460.88,390.85,168.0,0.0,14.4666666666667
2023-11-29,460.88,390.85,216.0,0.0,14.4583333333333
2023-11-30,460.78,390.73,176.0,0.0,14.3041666666667
2023-12-01,460.86,390.9,190.0,0.0,14.4583333333333
2023-12-02,460.2,390.9,190.0,0.0,13.8583333333333
2023-12-03,460.8,390.75,176.0,0.0,13.7666666666667
2023-12-04,460.85,390.75,190.0,0.0,13.85
2023-12-05,460.88,390.76,190.0,0.0,13.4583333333333
2023-12-06,460.88,390.9,184.0,0.0,13.3916666666667
2023-12-07,460.88,390.77,176.0,0.0,13.5
2023-12-08,460.85,390.71,190.0,0.0,12.8666666666667
2023-12-09,459.84,390.39,190.0,0.0,15.1333333333333
2023-12-10,460.5,390.62,160.0,0.0,15.6041666666667
2023-12-11,460.58,390.65,152.0,0.0,14.7958333333333
2023-12-12,460.53,390.61,160.0,0.0,13.8666666666667
2023-12-13,460.53,390.66,156.0,0.0,14.1291666666667
2023-12-14,460.53,390.66,156.0,0.0,13.025
2023-12-15,460.46,390.6,152.0,0.0,13.0875
2023-12-16,460.53,390.6,152.0,0.0,13.3083333333333
2023-12-17,460.58,390.6,151.0,0.0,13.2375
2023-12-18,460.65,390.6,151.0,0.0,12.4
2023-12-19,460.65,390.65,160.0,0.0,12.1
2023-12-20,460.68,390.61,150.0,0.0,12.0
2023-12-21,460.58,390.6,151.0,0.0,11.7
2023-12-22,460.58,390.6,151.0,0.0,11.3
2023-12-23,460.46,390.62,156.0,0.0,9.8
2023-12-24,460.46,390.62,156.0,0.0,9.5
2023-12-25,460.42,390.56,150.0,0.0,9.8
2023-12-26,460.27,390.56,150.0,0.0,11.5
2023-12-27,460.18,390.62,146.0,0.0,11.4
2023-12-28,460.0,390.58,146.0,0.0,11.6166666666667
2023-12-29,459.89,390.6,145.0,0.0,11.7
2023-12-30,459.7,390.6,145.0,0.0,11.1416666666667
2023-12-31,460.83,390.6,125.0,0.0,12.3117647058824
2024-01-01,459.7,390.63,140.0,0.0,11.8
2024-01-02,459.41,390.55,140.0,0.0,11.8
2024-01-03,459.2,390.55,140.0,0.0,11.2
2024-01-04,458.91,390.58,123.0,0.0,10.7
2024-01-05,458.53,390.55,123.0,0.0,10.9
2024-01-06,458.3,390.59,126.0,0.0,10.4
2024-01-07,458.03,390.59,130.0,0.0,10.8
2024-01-08,458.07,390.81,128.0,0.0,10.7
2024-01-09,458.39,390.56,128.0,0.0,10.4
2024-01-10,458.68,390.59,133.0,0.0,10.2
2024-01-11,459.04,390.59,133.0,0.0,10.5
2024-01-12,458.36,390.56,128.0,0.0,10.8
2024-01-13,458.71,390.54,138.0,0.0,10.9
2024-01-14,459.03,390.56,152.0,0.0,10.4
2024-01-15,459.29,390.56,152.0,0.0,10.7
2024-01-16,458.83,390.51,134.0,0.0,10.2
2024-01-17,458.51,390.55,134.0,0.0,10.5
2024-01-18,458.78,390.56,135.0,0.0,10.1
2024-01-19,458.96,389.32,150.0,0.0,9.8
2024-01-20,459.26,390.56,134.0,0.0,9.2
2024-01-21,458.81,390.56,131.0,0.0,9.7
2024-01-22,458.31,390.58,135.0,0.0,9.5
2024-01-23,458.28,390.58,135.0,0.0,9.3
2024-01-24,458.65,389.59,189.0,0.0,9.1
2024-01-25,458.34,390.58,120.0,0.0,8.9
2024-01-26,458.43,390.6,128.0,0.0,8.5
2024-01-27,458.59,390.6,130.0,0.0,8.7
2024-01-28,458.7,390.54,126.0,6.0,8.2
2024-01-29,458.43,389.6,158.0,0.0,8.6
2024-01-30,458.91,390.54,149.0,7.0,7.9
2024-01-31,458.64,390.54,149.0,17.5,8.4
2024-02-01,459.06,390.66,230.0,0.5,8.8
2024-02-02,458.99,390.75,180.0,0.0,9.0
2024-02-03,458.95,390.64,180.0,3.5,8.2
2024-02-04,458.96,390.64,200.0,19.0,8.7
2024-02-05,458.93,390.71,187.0,0.0,10.2
2024-02-06,458.88,390.56,180.0,0.0,10.9
2024-02-07,458.88,390.56,166.0,0.0,10.6
2024-02-08,458.9,390.56,170.0,0.0,10.4
2024-02-09,458.83,390.55,160.0,0.0,10.7
2024-02-10,458.69,390.58,158.0,0.0,10.9
2024-02-11,458.56,390.58,157.0,0.0,9.0
2024-02-12,458.45,390.58,214.0,0.0,10.4
2024-02-13,458.79,390.54,171.0,0.0,10.9
2024-02-14,458.71,390.55,171.0,0.0,11.2
2024-02-15,458.61,390.55,161.0,0.0,11.7
2024-02-16,458.46,390.55,134.0,0.0,12.4
2024-02-17,458.73,390.51,164.0,0.0,12.1
2024-02-18,459.1,390.56,166.0,18.0,10.6
2024-02-19,459.46,390.55,190.0,23.5,10.2
2024-02-20,459.56,392.74,480.0,0.0,12.6
2024-02-21,458.45,391.64,370.0,0.0,13.2
2024-02-22,458.3,391.26,314.0,0.0,13.6
2024-02-23,458.26,391.08,314.0,0.0,13.8
2024-02-24,458.2,391.08,314.0,0.0,13.5
2024-02-25,458.2,391.2,300.0,0.0,14.1
2024-02-26,458.23,391.2,286.0,0.0,13.8
2024-02-27,458.23,391.2,286.0,0.0,14.0
2024-02-28,458.36,391.2,236.0,0.0,14.4
2024-02-29,458.34,391.02,262.0,0.0,14.1
2024-03-01,458.15,390.83,271.0,22.5,14.3
2024-03-02,458.41,392.45,572.0,47.5,12.6
2024-03-03,460.3,393.45,1000.0,0.0,12.1
2024-03-04,459.48,392.95,700.0,0.0,12.8
2024-03-05,459.9,392.5,590.0,0.0,13.5
2024-03-06,460.04,392.23,533.0,0.0,13.7
2024-03-07,460.15,392.23,566.0,0.0,14.5
2024-03-08,460.09,392.39,542.0,0.0,14.2
2024-03-09,460.0,392.04,500.0,0.0,15.2
2024-03-10,459.8,391.43,370.0,0.0,14.6
2024-03-11,460.0,391.76,410.0,0.0,15.0
2024-03-12,459.95,391.46,400.0,0.0,15.2
2024-03-13,459.96,391.59,386.0,19.5,14.6
2024-03-14,460.25,392.39,577.0,0.0,15.8
2024-03-15,460.0,392.39,570.0,0.0,16.2
2024-03-16,459.99,391.5,440.0,0.0,16.6
2024-03-17,459.99,391.25,418.0,0.0,16.4
2024-03-18,459.95,391.41,434.0,0.0,16.8
2024-03-19,459.95,391.16,434.0,0.0,17.4
2024-03-20,459.55,391.21,434.0,0.0,17.8
2024-03-21,459.93,391.31,490.0,7.0,16.2
2024-03-22,459.98,391.73,484.0,0.0,18.4
2024-03-23,460.04,391.73,420.0,0.0,19.2
2024-03-24,460.06,391.76,570.0,0.0,20.2
2024-03-25,459.89,391.63,528.0,0.0,20.6
2024-03-26,459.75,391.69,596.0,0.0,18.8
2024-03-27,459.88,391.69,560.0,0.0,20.2
2024-03-28,460.24,392.01,590.0,0.0,19.8
2024-03-29,460.28,392.99,776.0,0.0,20.0
2024-03-30,460.77,392.31,1034.0,2.5,20.6
2024-03-31,461.0,394.14,1320.0,16.5,20.2
2024-04-01,460.61,394.32,1100.0,0.0,20.8
2024-04-02,460.46,393.75,943.0,0.0,20.4
2024-04-03,460.35,393.32,853.0,0.0,21.2
2024-04-04,460.49,393.77,900.0,4.0,21.5
2024-04-05,460.21,393.53,830.0,0.0,21.8
2024-04-06,460.39,393.43,827.0,0.0,21.4
2024-04-07,460.04,393.05,710.0,0.0,21.2
2024-04-08,459.99,393.05,740.0,0.0,21.6
2024-04-09,460.12,392.96,750.0,0.0,22.0
2024-04-10,460.7,392.89,753.0,0.0,22.4
2024-04-11,459.93,393.1,726.0,2.0,22.8
2024-04-12,460.36,393.1,742.0,0.0,22.2
2024-04-13,460.1,392.89,760.0,0.0,21.6
2024-04-14,460.14,393.23,811.0,1.0,20.4
2024-04-15,460.9,394.6,1304.0,7.5,19.8
2024-04-16,460.45,395.18,2300.0,57.0,18.2
2024-04-17,460.69,394.86,1560.0,0.0,20.2
2024-04-18,460.73,395.13,1400.0,0.0,20.5
2024-04-19,460.89,394.84,1584.0,8.5,19.6
2024-04-20,460.95,395.14,1900.0,11.5,19.2
2024-04-21,460.74,395.17,1780.0,0.0,20.6
2024-04-22,460.82,395.25,1600.0,0.0,21.2
2024-04-23,460.6,395.25,1648.0,0.0,22.0
2024-04-24,460.71,395.25,1489.0,1.0,22.6
2024-04-25,460.83,395.02,1480.0,0.0,23.5
2024-04-26,460.64,395.45,1422.0,0.0,23.8
2024-04-27,460.7,395.0,1426.0,4.0,23.0
2024-04-28,460.79,395.0,1850.0,15.0,21.6
2024-04-29,460.63,395.3,2610.0,24.0,20.2
2024-04-30,460.67,395.34,2667.0,30.0,19.8
2024-05-01,460.84,395.27,2236.0,0.0,20.4
2024-05-02,460.77,395.27,2057.0,0.0,20.2
2024-05-03,460.71,395.29,1880.0,0.0,20.6
2024-05-04,460.6,395.11,1860.0,0.0,22.4
2024-05-05,460.9,395.23,1736.0,0.0,22.8
2024-05-06,460.55,395.23,1770.0,0.0,24.6
2024-05-07,460.84,395.04,1770.0,0.0,25.4
2024-05-08,460.84,395.18,1850.0,0.0,26.8
2024-05-09,460.54,395.21,1987.0,0.0,27.2
2024-05-10,460.77,395.19,2064.0,0.0,26.4
2024-05-11,460.57,395.15,1987.0,13.0,27.4
2024-05-12,460.95,395.29,2090.0,2.0,26.8
2024-05-13,460.53,395.35,2116.0,0.0,27.0
2024-05-14,460.82,395.35,1750.0,0.0,27.4
2024-05-15,460.93,395.11,1690.0,0.0,28.2
2024-05-16,460.73,395.3,1891.0,0.0,28.8
2024-05-17,460.8,395.1,1813.0,0.0,29.6
2024-05-18,460.7,395.2,1975.0,0.0,30.2
2024-05-19,460.67,395.27,1830.0,0.0,30.4
2024-05-20,460.74,395.2,1830.0,0.0,30.2
2024-05-21,460.89,395.28,1646.0,0.0,30.6
2024-05-22,460.75,395.28,1746.0,0.0,30.4
2024-05-23,460.19,395.28,2100.0,0.0,30.6
2024-05-24,460.7,395.62,2112.0,0.0,30.6
2024-05-25,460.7,395.5,2051.0,0.0,30.2
2024-05-26,460.78,395.5,1757.0,0.0,30.8
2024-05-27,460.34,395.38,1930.0,0.0,31.4
2024-05-28,460.4,395.49,1973.0,0.0,31.8
2024-05-29,460.57,395.49,1989.0,0.0,32.0
2024-05-30,460.74,395.49,1989.0,0.0,32.6
2024-05-31,460.35,395.44,1720.0,0.0,33.0
2024-06-01,460.2,395.44,1745.0,0.0,33.2
2024-06-02,460.67,395.45,1575.0,0.0,33.4
2024-06-03,460.34,395.63,1714.0,0.0,33.0
2024-06-04,460.57,395.48,1629.0,0.5,33.2
2024-06-05,460.27,395.52,1680.0,0.0,31.4
2024-06-06,460.21,395.49,1650.0,0.0,32.0
2024-06-07,460.11,395.4,1230.0,0.0,32.4
2024-06-08,460.8,394.63,1220.0,0.0,32.0
2024-06-09,460.83,395.18,1140.0,0.0,32.2
2024-06-10,460.74,395.02,1100.0,0.0,31.6
2024-06-11,460.88,395.07,1050.0,0.0,32.0
2024-06-12,460.78,395.17,1080.0,0.0,31.6
2024-06-13,460.74,395.25,1219.0,0.0,31.2
2024-06-14,460.73,395.17,1160.0,0.0,30.4
2024-06-15,460.85,395.17,1199.0,0.0,32.8
2024-06-16,460.93,395.4,1312.0,0.0,32.6
2024-06-17,460.71,395.42,1300.0,0.0,32.2
2024-06-18,460.8,395.42,1230.0,0.0,28.6
2024-06-19,460.8,395.37,1406.0,0.0,30.2
2024-06-20,460.61,395.39,1360.0,0.0,30.8
2024-06-21,460.27,395.1,1166.0,0.0,29.2
2024-06-22,460.79,395.14,1174.0,0.0,31.4
2024-06-23,460.85,395.23,1110.0,0.0,31.8
2024-06-24,460.74,395.04,1132.0,0.0,31.2
2024-06-25,460.86,395.4,1280.0,0.0,31.6
2024-06-26,460.68,395.27,1261.0,0.0,32.4
2024-06-27,460.45,395.43,1291.0,0.0,30.2
2024-06-28,460.52,395.43,1292.0,0.0,30.8
2024-06-29,460.89,395.34,1420.0,0.0,30.2
2024-06-30,460.89,395.34,1400.0,0.0,31.0
2024-07-01,460.59,395.37,1373.0,62.0,30.4
2024-07-02,460.75,395.35,1489.0,21.5,30.2
2024-07-03,460.71,395.35,1408.0,6.5,29.6
2024-07-04,460.83,395.39,1302.0,0.0,29.2
2024-07-05,460.74,395.44,1393.0,5.0,30.2
2024-07-06,460.78,395.32,1400.0,13.5,29.6
2024-07-07,460.03,395.43,1257.0,0.0,28.8
2024-07-08,460.16,395.0,1080.0,0.0,29.6
2024-07-09,460.17,394.67,947.0,0.0,30.4
2024-07-10,460.14,394.8,980.0,27.5,30.2
2024-07-11,458.05,394.69,950.0,4.5,28.6
2024-07-12,460.29,393.86,930.0,0.0,28.2
2024-07-13,460.63,394.79,970.0,0.0,29.8
2024-07-14,459.65,393.84,850.0,0.0,29.2
2024-07-15,459.9,393.84,800.0,0.0,28.6
2024-07-16,459.28,393.88,800.0,0.0,29.4
2024-07-17,460.65,394.09,740.0,0.0,29.8
2024-07-18,460.5,393.84,750.0,15.5,28.2
2024-07-19,460.7,393.78,723.0,0.0,30.6
2024-07-20,460.36,393.73,710.0,0.0,29.8
2024-07-21,460.08,393.16,515.0,0.0,30.0
2024-07-22,460.58,393.59,674.0,0.5,29.0
2024-07-23,460.96,394.03,725.0,7.0,28.6
2024-07-24,460.99,393.84,675.0,0.0,29.2
2024-07-25,460.92,393.68,640.0,0.0,29.0
2024-07-26,460.93,393.61,630.0,26.0,28.2
2024-07-27,460.7,393.61,616.0,39.5,27.4
2024-07-28,460.99,393.64,640.0,26.0,27.0
2024-07-29,461.02,393.82,660.0,26.5,26.4
2024-07-30,460.9,394.02,690.0,42.0,27.8
2024-07-31,460.57,394.48,955.0,0.0,28.2
2024-08-01,460.84,393.53,670.0,46.5,27.6
2024-08-02,460.94,394.33,840.0,0.0,27.0
2024-08-03,460.63,393.84,730.0,0.0,26.4
2024-08-04,460.25,393.25,780.0,0.0,27.2
2024-08-05,459.96,393.25,784.0,0.0,27.8
2024-08-06,459.89,393.34,705.0,15.0,27.4
2024-08-07,460.13,393.19,693.0,46.5,25.8
2024-08-08,460.03,393.4,734.0,4.0,26.2
2024-08-09,460.38,393.18,662.0,1.5,27.6
2024-08-10,459.82,393.15,633.0,1.0,26.2
2024-08-11,460.11,393.13,750.0,33.5,24.8
2024-08-12,460.33,393.14,618.0,0.0,24.2
2024-08-13,459.69,393.09,570.0,0.0,25.8
2024-08-14,459.83,393.09,560.0,0.0,26.4
2024-08-15,459.78,393.1,563.0,60.0,25.2
2024-08-16,460.38,393.6,555.0,11.5,24.8
2024-08-17,460.52,393.1,680.0,12.5,26.0
2024-08-18,460.69,393.08,540.0,0.0,25.6
2024-08-19,460.19,392.65,510.0,0.0,25.2
2024-08-20,460.57,393.13,600.0,0.0,25.8
2024-08-21,460.18,393.42,600.0,10.0,25.2
2024-08-22,460.23,392.46,550.0,1.5,24.6
2024-08-23,459.71,392.43,520.0,0.0,24.9
2024-08-24,459.7,392.48,530.0,2.0,25.0
2024-08-25,459.6,392.5,520.0,0.0,25.8
2024-08-26,459.61,392.51,555.0,3.5,26.0
2024-08-27,460.08,393.23,610.0,22.5,25.4
2024-08-28,459.14,391.63,500.0,41.0,24.6
2024-08-29,460.42,392.73,725.0,2.0,24.2
2024-08-30,460.65,395.93,1850.0,31.5,24.8
2024-08-31,460.83,394.11,1260.0,20.5,25.6
2024-09-01,460.92,394.53,870.0,0.0,26.4
2024-09-02,460.79,393.28,853.0,23.5,26.8
2024-09-03,460.06,394.05,860.0,1.5,26.8
2024-09-04,459.91,393.32,843.0,2.5,26.2
2024-09-05,459.56,393.28,780.0,0.0,26.4
2024-09-06,460.64,393.33,767.0,19.5,26.6
2024-09-07,460.86,394.93,830.0,10.5,26.2
2024-09-08,459.94,392.66,750.0,0.0,26.0
2024-09-09,460.23,393.28,675.0,0.0,25.8
2024-09-10,460.14,393.26,640.0,0.5,25.2
2024-09-11,459.93,393.26,600.0,0.0,24.6
2024-09-12,460.14,393.24,595.0,0.0,24.4
2024-09-13,459.95,392.56,570.0,0.0,24.8
2024-09-14,459.89,392.58,530.0,40.0,24.6
2024-09-15,459.36,392.6,520.0,0.0,25.0
2024-09-16,458.9,392.6,455.0,0.0,24.4
2024-09-17,459.45,391.74,444.0,0.0,24.6
2024-09-18,459.19,391.76,373.0,0.0,25.0
2024-09-19,460.63,392.96,390.0,0.0,25.6
2024-09-20,460.04,392.6,378.0,0.0,26.2
2024-09-21,460.52,392.6,380.0,0.0,25.4
2024-09-22,459.45,391.74,360.0,0.0,24.6
2024-09-23,458.69,391.74,334.0,0.0,24.2
2024-09-24,458.76,391.71,339.0,0.0,24.4
2024-09-25,459.06,391.8,312.0,0.0,24.0
2024-09-26,459.01,391.69,281.0,0.0,24.1
2024-09-27,459.93,392.39,357.0,18.0,20.2
2024-09-28,458.63,391.75,340.0,12.0,23.6
2024-09-29,458.95,391.75,285.0,0.0,23.2
2024-09-30,458.59,391.78,270.0,0.0,22.8
2024-10-01,460.08,391.78,285.0,0.0,23.0
2024-10-02,459.79,391.78,265.0,0.0,22.6
2024-10-03,459.79,391.78,265.0,0.0,22.8
2024-10-04,459.21,391.78,320.0,0.0,23.2
2024-10-05,459.46,392.64,240.0,0.0,22.6
2024-10-06,459.44,392.59,270.0,11.5,22.4
2024-10-07,459.3,391.86,280.0,0.0,22.6
2024-10-08,459.26,391.84,230.0,0.0,22.2
2024-10-09,459.13,391.8,220.0,0.0,22.0
2024-10-10,459.2,391.84,220.0,0.0,22.4
2024-10-11,459.7,392.51,215.0,0.0,21.6
2024-10-12,459.58,391.78,210.0,0.0,21.2
2024-10-13,459.4,391.83,206.0,0.0,21.0
2024-10-14,459.23,391.8,198.0,0.0,21.6
2024-10-15,459.84,391.8,178.0,0.0,20.8
2024-10-16,460.33,391.76,181.0,0.0,20.2
2024-10-17,460.42,391.78,190.0,0.0,19.8
2024-10-18,460.33,391.74,190.0,0.0,20.0
2024-10-19,460.52,391.78,182.0,0.0,20.4
2024-10-20,460.36,391.78,185.0,0.0,20.2
2024-10-21,460.7,391.74,168.0,0.0,20.0
2024-10-22,460.58,391.78,166.0,0.0,19.7375
2024-10-23,460.6,391.75,165.0,0.0,19.6375
2024-10-24,460.83,392.03,162.0,0.0,19.7333333333333
2024-10-25,460.34,391.7,175.0,0.0,19.4
2024-10-26,460.32,391.68,170.0,0.0,19.6
2024-10-27,460.4,391.7,175.0,0.0,19.2
2024-10-28,460.25,391.68,158.0,0.0,19.4
2024-10-29,460.27,391.69,158.0,0.0,19.2
2024-10-30,460.75,392.45,268.0,0.0,19.0
2024-10-31,460.18,391.71,207.0,0.0,18.6
2024-11-01,460.14,391.71,175.0,0.0,18.8
2024-11-02,460.05,391.74,168.0,0.0,18.2
2024-11-03,459.94,391.79,183.0,0.0,18.0
2024-11-04,459.94,392.63,205.0,0.0,17.8
2024-11-05,459.9,391.81,200.0,0.0,18.2
2024-11-06,460.05,391.81,135.0,0.0,18.0
2024-11-07,460.2,391.78,145.0,0.0,17.6
2024-11-08,460.39,391.76,160.0,0.0,17.8
2024-11-09,460.44,391.75,160.0,0.0,18.2
2024-11-10,460.28,391.7,155.0,0.0,18.0
2024-11-11,460.24,391.64,148.0,0.0,17.8
2024-11-12,460.36,391.64,168.0,0.0,17.6
2024-11-13,460.55,391.79,185.0,0.0,16.4
2024-11-14,460.32,391.88,155.0,0.0,16.2
2024-11-15,459.96,391.81,150.0,0.0,16.0
2024-11-16,460.08,391.36,153.0,0.0,15.6
2024-11-17,460.09,391.56,185.0,0.0,15.8
2024-11-18,460.0,391.58,170.0,0.0,15.2
2024-11-19,460.03,391.59,200.0,0.0,15.0
2024-11-20,459.99,391.31,175.0,0.0,15.2
2024-11-21,459.99,391.05,164.0,0.0,15.4
2024-11-22,459.98,390.98,152.0,0.0,15.2
2024-11-23,459.98,390.98,151.0,0.0,15.6
2024-11-24,459.99,390.99,147.0,0.0,15.0
2024-11-25,460.03,390.98,149.0,0.0,15.2
2024-11-26,460.01,390.95,148.0,0.0,15.0
2024-11-27,460.03,390.95,148.0,0.0,14.8
2024-11-28,460.03,390.94,145.0,0.0,15.0
2024-11-29,459.95,390.9,143.0,0.0,15.2
2024-11-30,459.93,390.9,145.0,0.0,14.8
2024-12-01,459.86,390.62,160.0,0.0,14.4
2024-12-02,459.88,390.34,150.0,0.0,14.2
2024-12-03,459.88,390.42,154.0,0.0,14.6
2024-12-04,459.98,390.29,153.0,0.0,14.4
2024-12-05,459.99,390.3,165.0,0.0,14.2
2024-12-06,460.05,388.96,154.0,0.0,14.0
2024-12-07,460.03,388.85,125.0,0.0,13.8
2024-12-08,459.89,388.81,120.0,0.0,13.2
2024-12-09,459.68,388.7,115.0,0.0,13.4
2024-12-10,459.57,388.66,134.0,0.0,13.6
2024-12-11,459.51,387.42,133.0,0.0,13.2
2024-12-12,459.91,389.02,149.0,0.0,13.4
2024-12-13,459.81,388.82,130.0,0.0,14.0
2024-12-14,459.73,388.77,130.0,0.0,13.6
2024-12-15,459.53,388.8,138.0,0.0,13.4
2024-12-16,459.49,387.9,134.0,0.0,13.6
2024-12-17,459.64,387.9,145.0,0.0,13.8
2024-12-18,459.8,387.33,145.0,0.0,13.2
2024-12-19,460.27,388.27,145.0,0.0,12.8
2024-12-20,460.05,388.3,148.0,0.0,11.6
2024-12-21,459.78,388.3,130.0,0.0,11.2
2024-12-22,459.6,387.06,144.0,0.0,10.8
2024-12-23,459.98,388.06,125.0,1.5,9.0
2024-12-24,459.84,386.91,145.0,0.0,8.4
2024-12-25,460.11,388.01,122.0,0.0,9.8
2024-12-26,459.8,387.97,130.0,0.0,9.2
2024-12-27,459.59,386.88,130.0,3.5,8.6
2024-12-28,459.6,387.4,124.0,0.0,9.4
2024-12-29,459.7,387.86,145.0,0.0,8.6
2024-12-30,459.75,386.85,99.0,0.0,8.2
2024-12-31,460.14,387.77,141.0,0.0,7.8
2025-01-01,459.74,387.75,100.0,0.0,10.6
2025-01-02,459.63,386.81,148.0,0.0,10.2
2025-01-03,459.83,386.86,153.0,0.0,9.8
2025-01-04,460.16,387.7,137.0,0.0,10.4
2025-01-05,459.89,387.67,115.0,0.0,11.0
2025-01-06,459.65,387.71,135.0,0.0,10.8
2025-01-07,459.39,386.85,145.0,0.0,10.2
2025-01-08,459.73,387.65,140.0,0.0,10.6
2025-01-09,459.59,386.82,160.0,0.0,10.8
2025-01-10,460.16,387.97,153.0,0.0,10.2
2025-01-11,460.05,387.92,145.0,0.0,9.8
2025-01-12,459.66,387.63,145.0,0.0,9.4
2025-01-13,459.44,387.95,150.0,0.0,9.6
2025-01-14,459.6,386.82,135.0,0.0,9.2
2025-01-15,460.01,387.61,133.0,0.0,9.6
2025-01-16,459.79,387.6,132.0,3.5,8.2
2025-01-17,459.59,387.6,160.0,0.0,9.4
2025-01-18,459.44,387.56,126.0,0.0,9.2
2025-01-19,459.16,386.8,150.0,0.0,9.6
2025-01-20,459.55,386.8,135.0,0.0,8.6
2025-01-21,459.83,387.48,135.0,0.0,10.2
2025-01-22,459.48,387.51,131.0,0.0,10.8
2025-01-23,459.23,386.78,134.0,0.0,11.2
2025-01-24,459.59,386.78,138.0,2.0,11.0
2025-01-25,459.94,387.48,130.0,0.0,11.6
2025-01-26,459.85,387.5,140.0,0.0,11.2
2025-01-27,459.7,387.43,135.0,0.0,11.0
2025-01-28,459.25,387.45,135.0,0.0,11.2
2025-01-29,459.35,387.6,130.0,0.0,11.4
2025-01-30,459.48,386.76,130.0,0.0,12.2
2025-01-31,459.59,387.43,131.0,1.5,12.8
2025-02-01,459.27,386.76,131.0,0.0,12.4
2025-02-02,459.88,387.48,140.0,0.0,12.6
2025-02-03,459.74,387.55,128.0,0.0,12.2
2025-02-04,459.75,386.77,132.0,0.0,12.8
2025-02-05,459.83,387.47,135.0,0.0,12.6
2025-02-06,459.51,387.48,130.0,0.0,12.4
2025-02-07,459.2,386.78,131.0,0.0,12.2
2025-02-08,459.34,386.75,136.0,0.0,12.8
2025-02-09,459.4,386.75,126.0,0.0,13.0
2025-02-10,459.64,386.71,150.0,0.0,12.6
2025-02-11,459.8,387.43,123.0,0.0,13.0
2025-02-12,459.48,387.46,117.0,0.0,12.4
2025-02-13,459.41,386.75,125.0,0.0,13.2
2025-02-14,459.79,386.75,128.0,0.0,13.6
2025-02-15,460.23,387.42,130.0,0.0,14.2
2025-02-16,459.73,387.7,130.0,0.0,14.8
2025-02-17,459.29,387.45,128.0,0.0,15.6
2025-02-18,458.89,386.75,140.0,0.0,14.8
2025-02-19,459.08,386.75,125.0,15.5,14.4
2025-02-20,459.58,386.75,118.0,16.0,12.8
2025-02-21,459.71,386.75,135.0,0.0,13.6
2025-02-22,459.88,387.46,125.0,0.0,14.4
2025-02-23,459.6,387.46,155.0,0.0,14.0
2025-02-24,460.14,387.75,143.0,0.0,13.5
2025-02-25,459.69,388.42,154.0,5.5,12.8
2025-02-26,459.21,388.42,172.0,0.0,12.2
2025-02-27,460.01,388.41,315.0,35.5,11.8
2025-02-28,459.68,389.55,540.0,0.0,11.4
2025-03-01,458.85,388.45,340.0,0.0,16.8
2025-03-02,460.11,386.73,340.0,0.0,18.4
2025-03-03,459.9,387.47,365.0,35.0,14.2
2025-03-04,459.5,388.42,460.0,0.0,18.8
2025-03-05,459.16,387.56,420.0,0.0,19.7
2025-03-06,459.36,388.42,415.0,0.0,20.2
2025-03-07,459.01,387.42,325.0,0.0,20.4
2025-03-08,459.05,387.42,320.0,0.0,20.8
2025-03-09,458.33,387.45,300.0,0.0,20.4
2025-03-10,458.93,387.5,320.0,0.0,18.6
2025-03-11,458.65,387.5,370.0,6.5,19.2
2025-03-12,458.81,387.98,420.0,0.0,19.8
2025-03-13,458.15,387.55,415.0,0.0,18.2
2025-03-14,458.74,388.18,470.0,0.0,16.4
2025-03-15,459.74,388.36,470.0,8.0,16.6
2025-03-16,459.49,387.47,530.0,0.0,19.4
2025-03-17,459.24,387.42,520.0,0.0,20.8
2025-03-18,458.94,387.45,515.0,0.0,21.6
2025-03-19,459.25,387.42,460.0,0.0,21.8
2025-03-20,459.19,387.43,455.0,0.0,22.4
2025-03-21,458.58,387.76,460.0,2.5,22.2
2025-03-22,459.24,387.39,446.0,0.0,22.6
2025-03-23,458.83,387.36,444.0,0.0,23.2
2025-03-24,458.43,387.43,417.0,0.0,23.0
2025-03-25,458.65,389.62,455.0,0.0,22.2
2025-03-26,458.98,389.9,425.0,0.0,22.6
2025-03-27,459.2,387.3,495.0,0.0,22.2
2025-03-28,459.69,389.8,675.0,0.0,22.4
2025-03-29,459.76,388.6,590.0,0.0,22.8
2025-03-30,459.5,387.41,570.0,0.0,22.6
2025-03-31,459.03,387.77,570.0,0.0,22.2
2025-04-01,459.64,387.67,550.0,0.0,22.8
2025-04-02,458.68,388.05,580.0,0.0,22.4
2025-04-03,458.05,389.53,620.0,0.0,22.6
2025-04-04,458.36,388.07,580.0,0.0,23.2
2025-04-05,458.22,387.4,610.0,0.0,22.6
2025-04-06,458.51,387.4,630.0,0.0,23.2
2025-04-07,458.25,388.45,680.0,0.0,23.6
2025-04-08,459.05,389.51,800.0,3.5,23.8
2025-04-09,457.85,389.84,940.0,0.0,23.2
2025-04-10,459.63,389.96,1010.0,2.0,23.6
2025-04-11,459.2,391.26,925.0,0.5,24.0
2025-04-12,459.25,390.23,925.0,0.0,24.2
2025-04-13,459.49,389.98,865.0,0.0,24.4
2025-04-14,459.78,391.04,960.0,0.0,24.8
2025-04-15,459.2,390.05,1120.0,0.0,24.2
2025-04-16,459.63,391.9,1210.0,0.0,23.6
2025-04-17,460.48,391.8,1360.0,0.0,24.0
2025-04-18,460.1,392.15,1235.0,7.0,23.4
2025-04-19,460.1,392.09,1225.0,1.0,23.8
2025-04-20,460.61,392.71,1580.0,0.0,23.0
2025-04-21,460.49,392.21,1519.0,0.0,23.4
2025-04-22,460.54,392.25,1400.0,0.0,23.2
2025-04-23,459.65,391.93,1385.0,0.0,23.6
2025-04-24,459.86,392.25,1340.0,0.0,23.6
2025-04-25,459.53,393.6,1290.0,0.0,23.2
2025-04-26,459.24,393.2,1230.0,0.0,22.8
2025-04-27,459.58,393.6,1230.0,0.0,23.4
2025-04-28,459.16,392.85,1110.0,0.0,24.0
2025-04-29,460.19,393.5,1250.0,0.0,24.2
2025-04-30,460.63,393.57,1340.0,0.0,24.4
2025-05-01,460.21,393.6,1349.0,3.0,24.0
2025-05-02,460.0,393.64,1244.0,0.0,23.6
2025-05-03,460.14,392.66,1222.0,0.0,24.0
2025-05-04,460.65,393.55,1260.0,10.0,23.4
2025-05-05,460.88,393.28,1220.0,0.0,23.8
2025-05-06,461.0,393.57,1260.0,0.0,23.0
2025-05-07,460.52,393.58,1350.0,0.0,23.4
2025-05-08,460.8,394.17,1420.0,53.5,23.0
2025-05-09,459.9,393.65,1440.0,0.5,23.8
2025-05-10,459.86,393.69,1470.0,2.5,24.6
2025-05-11,459.16,393.71,1205.0,8.0,25.2
2025-05-12,460.13,393.61,1340.0,0.0,23.8
2025-05-13,459.93,393.61,1180.0,0.0,24.4
2025-05-14,459.5,393.65,1100.0,0.0,24.2
2025-05-15,459.1,392.45,1065.0,0.0,24.6
2025-05-16,459.12,392.56,1150.0,0.0,23.8
2025-05-17,459.9,393.55,1200.0,0.0,24.6
2025-05-18,460.12,393.57,1200.0,0.0,25.2
2025-05-19,460.72,393.35,1320.0,0.0,23.8
2025-05-20,460.81,393.06,1311.0,0.0,25.4
2025-05-21,459.75,393.04,1160.0,0.0,26.2
2025-05-22,460.39,393.6,1232.0,0.0,28.6
2025-05-23,460.01,393.67,1297.0,0.0,30.2
2025-05-24,460.5,393.14,1250.0,13.0,26.4
2025-05-25,459.98,392.36,1218.0,0.0,30.4
2025-05-26,459.38,392.95,1110.0,0.0,30.2
2025-05-27,460.18,393.6,1120.0,0.0,31.0
2025-05-28,460.8,393.55,1320.0,0.0,31.2
2025-05-29,460.23,393.59,1080.0,0.0,31.8
2025-05-30,459.71,392.9,1060.0,5.0,27.2
2025-05-31,460.33,393.55,1050.0,17.5,29.8
2025-06-01,459.88,392.28,1010.0,0.0,30.2
2025-06-02,459.68,392.32,950.0,0.0,28.6
2025-06-03,458.9,392.08,910.0,1.0,30.8
2025-06-04,459.96,391.53,990.0,0.0,31.2
2025-06-05,459.85,391.53,910.0,0.0,30.6
2025-06-06,459.3,392.28,885.0,0.0,31.6
2025-06-07,459.6,392.72,990.0,0.0,31.2
2025-06-08,459.36,391.58,1030.0,0.5,30.8
2025-06-09,459.71,391.54,1035.0,0.0,29.8
2025-06-10,459.08,392.88,1052.0,0.0,30.6
2025-06-11,459.31,392.23,1028.0,0.0,31.2
2025-06-12,458.76,393.65,1017.0,0.0,32.5
2025-06-13,459.36,393.2,1000.0,0.5,31.4
2025-06-14,459.23,392.46,920.0,0.0,30.4
2025-06-15,459.54,393.12,920.0,0.0,31.0
2025-06-16,458.58,392.5,800.0,0.0,30.6
2025-06-17,460.33,392.2,820.0,0.0,31.4
2025-06-18,459.58,392.45,750.0,0.0,32.2
2025-06-19,459.3,391.56,845.0,0.0,32.6
2025-06-20,459.59,392.63,835.0,0.0,31.8
2025-06-21,460.61,392.38,870.0,2.0,32.6
2025-06-22,460.08,391.55,910.0,9.5,28.4
2025-06-23,458.8,391.66,790.0,0.0,29.6
2025-06-24,459.48,392.25,730.0,6.0,28.2
2025-06-25,458.9,393.58,810.0,33.0,26.4
2025-06-26,459.03,392.44,790.0,29.0,28.0
2025-06-27,459.54,392.46,750.0,18.0,29.4
2025-06-28,459.19,392.41,710.0,4.5,27.6
2025-06-29,459.24,390.21,677.0,0.0,30.2
2025-06-30,459.51,390.24,709.0,4.0,32.5
2025-07-01,458.98,390.91,758.0,1.0,29.6
2025-07-02,458.79,390.27,730.0,8.5,27.2
2025-07-03,458.7,390.24,653.0,1.5,29.4
2025-07-04,458.41,391.55,645.0,25.0,29.8
2025-07-05,458.55,390.24,610.0,0.0,30.6
2025-07-06,459.05,390.3,745.0,36.0,28.4
2025-07-07,458.91,392.55,610.0,0.0,29.6
2025-07-08,459.65,390.23,320.0,1.5,29.2
2025-07-09,459.54,390.26,620.0,29.0,28.0
2025-07-10,459.36,391.36,660.0,4.5,29.6
2025-07-11,458.39,392.34,575.0,0.0,29.0
2025-07-12,458.38,390.66,550.0,0.0,30.6
2025-07-13,459.0,390.8,525.0,0.0,28.6
2025-07-14,459.25,391.8,600.0,0.0,28.2
2025-07-15,459.2,392.2,490.0,12.0,30.4
2025-07-16,459.79,390.8,640.0,6.0,27.6
2025-07-17,459.02,391.99,915.0,44.5,28.2
2025-07-18,460.64,391.83,680.0,0.0,30.4
2025-07-19,458.68,390.91,720.0,0.0,31.6
2025-07-20,458.68,390.21,710.0,0.0,30.8
2025-07-21,459.95,390.9,741.0,10.0,28.4
2025-07-22,460.2,392.56,918.0,52.0,28.0
2025-07-23,459.25,393.57,810.0,8.5,28.8
2025-07-24,459.29,392.25,780.0,0.0,30.2
2025-07-25,459.25,390.9,645.0,0.0,30.8
2025-07-26,459.5,391.5,770.0,0.0,30.0
2025-07-27,458.75,390.92,695.0,1.5,29.7
2025-07-28,458.45,391.45,680.0,0.0,28.2
2025-07-29,458.34,390.91,700.0,6.5,29.8
2025-07-30,459.45,391.696,825.0,7.0,28.6
2025-07-31,458.68,391.66,700.0,0.0,30.6
2025-08-01,458.73,390.69,650.0,0.0,28.4
2025-08-02,458.8,391.06,590.0,0.0,28.2
2025-08-03,459.22,390.2,600.0,1.0,26.8
2025-08-04,458.65,390.4,570.0,12.0,27.6
2025-08-05,458.64,390.8,530.0,30.0,27.8
2025-08-06,459.0,390.8,580.0,16.5,27.0
2025-08-07,458.48,390.83,545.0,0.0,26.4
2025-08-08,459.14,390.65,528.0,0.0,26.8
2025-08-09,459.94,390.2,497.0,0.0,27.2
2025-08-10,458.16,390.24,490.0,3.5,26.4
2025-08-11,460.45,391.29,465.0,0.0,25.2
2025-08-12,458.7,391.53,494.0,0.5,24.6
2025-08-13,458.95,391.3,500.0,3.5,25.4
2025-08-14,458.79,390.61,620.0,75.0,26.0
2025-08-15,460.1,393.7,1350.0,6.5,25.6
2025-08-16,459.46,392.08,790.0,1.0,24.8
2025-08-17,459.06,391.7,660.0,79.5,24.2
2025-08-18,459.98,391.39,585.0,9.5,25.6
2025-08-19,459.01,393.08,840.0,1.5,25.8
2025-08-20,459.24,391.88,700.0,0.0,25.4
2025-08-21,459.43,391.51,690.0,0.0,25.0
2025-08-22,459.34,391.46,645.0,0.0,24.8
2025-08-23,459.14,391.24,630.0,0.0,24.4
2025-08-24,459.7,391.88,940.0,17.5,25.2
2025-08-25,459.34,392.43,730.0,0.0,25.4
2025-08-26,459.44,392.38,715.0,0.0,25.6
2025-08-27,458.8,390.9,625.0,15.0,25.0
2025-08-28,459.3,390.39,740.0,0.0,24.8
2025-08-29,458.59,390.39,640.0,1.0,25.0
2025-08-30,459.34,392.2,700.0,13.5,24.6
2025-08-31,459.09,390.38,835.0,30.0,24.2
2025-09-01,459.58,391.35,936.0,15.5,24.4
2025-09-02,459.95,393.3,930.0,0.0,24.8
2025-09-03,459.15,391.6,770.0,0.0,24.2
2025-09-04,459.14,391.88,900.0,0.0,23.8
2025-09-05,458.75,391.85,925.0,0.0,24.4
2025-09-06,459.38,392.72,950.0,0.0,22.9
2025-09-07,459.84,393.98,1120.0,0.0,23.6
2025-09-08,460.15,392.74,1070.0,0.0,23.9
2025-09-09,459.83,391.99,1015.0,0.0,24.2
2025-09-10,459.33,392.43,1020.0,0.0,22.9
2025-09-11,460.01,392.79,940.0,0.0,24.2
2025-09-12,459.06,391.43,950.0,0.0,22.8
2025-09-13,459.41,391.95,870.0,0.0,23.2
2025-09-14,459.56,392.34,825.0,0.0,22.6
2025-09-15,458.7,392.69,830.0,0.0,22.0
2025-09-16,459.43,391.7,800.0,1.0,22.8
2025-09-17,458.25,391.39,646.0,0.0,22.2
2025-09-18,458.99,390.75,693.0,0.0,21.8
2025-09-19,458.88,391.61,621.0,0.0,21.2
2025-09-20,458.86,390.74,538.0,0.0,22.0
2025-09-21,458.38,390.76,531.0,0.0,21.6
2025-09-22,458.4,390.76,500.0,0.0,21.4
2025-09-23,458.86,390.76,510.0,0.0,21.0
2025-09-24,458.3,390.76,450.0,0.0,21.8
2025-09-25,458.6,390.4,375.0,0.0,21.2
2025-09-26,459.0,390.08,410.0,0.0,21.6
2025-09-27,459.2,390.1,410.0,0.0,20.4
2025-09-28,458.58,390.3,270.0,0.0,20.8
2025-09-29,458.2,389.31,350.0,0.0,20.2
2025-09-30,458.45,390.05,320.0,0.0,20.6
2025-10-01,459.74,390.65,280.0,0.0,20.2
2025-10-02,458.61,390.08,290.0,0.0,20.8
2025-10-03,458.56,390.14,310.0,0.0,20.2
2025-10-04,458.6,390.14,280.0,0.0,20.4
2025-10-05,458.84,390.11,300.0,0.0,20.0
2025-10-06,459.08,390.11,250.0,50.5,18.4
2025-10-07,459.19,390.83,552.0,0.0,19.6
2025-10-08,458.75,391.45,410.0,0.0,19.2
2025-10-09,458.4,390.65,382.0,0.0,20.4
2025-10-10,458.7,390.15,340.0,0.0,20.2
2025-10-11,458.45,390.16,373.0,0.0,19.4
2025-10-12,459.06,390.1,340.0,0.0,18.8
2025-10-13,459.08,390.1,305.0,0.0,18.6
2025-10-14,458.34,389.55,300.0,0.0,19.0
2025-10-15,458.8,390.1,285.0,0.0,18.8
2025-10-16,458.3,390.35,280.0,0.0,19.4
2025-10-17,458.54,390.11,300.0,0.0,19.6
2025-10-18,459.1,390.06,295.0,0.0,19.2
2025-10-19,458.3,390.06,270.0,0.0,19.6
2025-10-20,458.9,390.06,230.0,0.0,19.2
2025-10-21,459.18,390.65,240.0,0.0,19.4
2025-10-22,459.43,390.08,215.0,0.0,19.2
2025-10-23,459.09,390.13,215.0,0.0,19.0
2025-10-24,458.9,390.54,212.0,0.0,18.6
2025-10-25,459.73,390.05,184.0,0.0,18.8
2025-10-26,459.61,390.08,180.0,0.0,18.2
2025-10-27,459.71,390.69,179.0,0.0,18.0
2025-10-28,459.14,390.09,200.0,0.0,17.8
2025-10-29,459.25,390.09,176.0,0.0,18.2
2025-10-30,459.16,390.08,196.0,0.0,18.0
2025-10-31,458.6,390.06,174.0,0.0,17.6
2025-11-01,459.05,390.06,205.0,0.0,17.8
2025-11-02,458.74,390.06,240.0,0.0,18.2
2025-11-03,459.16,390.06,190.0,0.0,18.0
2025-11-04,458.78,390.06,210.0,0.0,17.8
2025-11-05,459.25,390.1,210.0,19.0,17.6
2025-11-06,459.5,390.26,220.0,0.0,16.4
2025-11-07,459.4,390.12,200.0,0.0,16.2
2025-11-08,459.73,390.12,210.0,0.0,16.0
2025-11-09,459.28,390.12,165.0,0.0,15.6
2025-11-10,459.53,390.12,164.0,0.0,15.8
2025-11-11,458.83,390.15,170.0,0.0,15.2
2025-11-12,459.06,390.12,170.0,0.0,15.0
2025-11-13,459.15,390.14,165.0,0.0,15.2
2025-11-14,459.36,390.14,210.0,0.0,15.4
2025-11-15,459.08,390.08,205.0,0.0,15.6
2025-11-16,458.93,390.17,212.0,0.0,15.0
2025-11-17,458.8,390.15,178.0,0.0,15.2
2025-11-18,458.24,390.12,140.0,0.0,14.8
2025-11-19,458.24,390.12,140.0,0.0,14.2
2025-11-20,458.18,390.15,167.0,0.0,14.6
2025-11-21,458.16,390.15,162.0,0.0,14.4
2025-11-22,458.1,390.15,134.0,0.0,14.8
2025-11-23,457.59,390.12,153.0,0.0,15.2
2025-11-24,457.85,390.12,198.0,0.0,15.6
2025-11-25,459.11,390.14,185.0,0.0,15.0
2025-11-26,459.36,390.14,155.0,0.0,14.8
2025-11-27,459.16,390.32,150.0,0.0,14.4
2025-11-28,460.34,390.11,145.0,0.0,14.6
2025-11-29,460.2,390.11,150.0,0.0,14.8
2025-11-30,460.44,390.1,160.0,0.0,14.2
2025-12-01,460.78,390.08,150.0,0.0,14.6
2025-12-02,459.98,390.08,150.0,0.0,14.0
2025-12-03,459.08,390.08,130.0,0.0,14.4
2025-12-04,459.49,389.5,135.0,0.0,14.2
2025-12-05,459.61,390.09,125.0,0.0,14.6
2025-12-06,459.76,390.1,131.0,0.0,14.0
2025-12-07,459.15,389.66,139.0,0.0,13.4
2025-12-08,459.38,390.1,135.0,0.0,14.2
2025-12-09,459.79,390.08,143.0,0.0,14.6
2025-12-10,459.5,390.05,148.0,0.0,13.8
2025-12-11,458.61,390.34,146.0,0.0,14.2
2025-12-12,459.46,389.51,146.0,0.0,13.8
2025-12-13,459.44,390.04,143.0,0.0,13.4
2025-12-14,459.4,389.5,150.0,0.0,12.599999999999998
2025-12-15,460.03,390.04,127.0,0.0,12.8
2025-12-16,459.75,390.04,130.0,0.0,13.2
2025-12-17,458.89,390.08,150.0,0.0,13.6
2025-12-18,459.11,390.08,130.0,0.0,12.8
2025-12-19,459.14,389.27,130.0,0.0,12.2
2025-12-20,459.99,389.27,135.0,0.0,12.6
2025-12-21,459.04,389.99,145.0,5.0,11.6
2025-12-22,458.96,390.39,165.0,5.0,12.4
2025-12-23,459.2,390.59,180.0,0.0,12.8
2025-12-24,459.48,389.22,180.0,0.0,12.2
2025-12-25,459.24,389.22,165.0,0.0,12.6
2025-12-26,458.8,389.23,146.0,0.0,12.0
2025-12-27,459.48,390.44,180.0,0.0,12.8
2025-12-28,459.21,390.5,192.0,0.0,12.6
2025-12-29,459.48,390.48,191.0,0.0,12.0
2025-12-30,459.64,389.8,186.0,0.0,12.4
2025-12-31,460.1,390.56,185.0,0.0,12.0
2026-01-01,459.86,389.44,121.0,0.0,11.6
2026-01-02,459.92,390.02,180.0,0.0,11.2
2026-01-03,460.06,390.5,160.0,0.0,12.0
2026-01-04,459.03,389.65,185.0,0.0,10.7
2026-01-05,459.51,390.64,185.0,0.0,10.9
2026-01-06,459.59,390.01,135.0,0.0,10.4
2026-01-07,458.95,390.76,140.0,0.0,10.8
2026-01-08,458.8,390.66,134.0,0.0,10.7
2026-01-09,458.78,390.78,135.0,0.0,10.4
2026-01-10,459.1,390.54,130.0,0.0,10.2
2026-01-11,458.5,390.09,125.0,0.0,10.5
2026-01-12,458.61,390.05,122.0,0.0,10.8
2026-01-13,458.79,389.26,125.0,0.0,10.2
2026-01-14,459.09,389.22,134.0,0.0,9.6
2026-01-15,459.11,390.05,126.0,0.0,10.0
2026-01-16,458.41,389.27,111.0,0.0,9.2
2026-01-17,458.21,390.06,92.0,0.0,9.6
2026-01-18,458.43,389.26,116.0,0.0,10.2
2026-01-19,458.6,390.12,107.0,0.0,9.4
2026-01-20,458.8,390.06,110.0,0.0,9.8
2026-01-21,459.31,390.06,110.0,0.0,10.2
2026-01-22,459.06,389.25,105.0,0.0,10.0
2026-01-23,458.8,390.2,175.0,46.0,8.2
2026-01-24,458.91,390.48,130.0,0.0,10.2
2026-01-25,458.85,390.08,110.0,0.0,9.6
2026-01-26,458.49,390.46,150.0,0.0,9.2
2026-01-27,458.74,389.3,160.0,10.0,8.4
2026-01-28,459.96,390.09,185.0,0.0,9.0
2026-01-29,459.81,390.65,170.0,0.0,9.6
2026-01-30,460.19,389.44,200.0,0.0,9.2
2026-01-31,460.32,389.5,178.0,0.0,9.8
2026-02-01,460.39,390.0,190.0,0.0,9.0
2026-02-02,460.23,390.65,185.0,0.0,9.6
2026-02-03,459.45,389.44,165.0,0.0,10.2
2026-02-04,460.18,390.05,180.0,0.0,10.0
2026-02-05,460.19,391.75,148.0,0.0,10.6
2026-02-06,460.11,389.25,174.0,0.0,10.8
2026-02-07,460.24,390.01,191.0,0.0,11.6
2026-02-08,460.01,389.31,141.0,0.0,12.4
2026-02-09,459.49,390.1,185.0,0.0,12.8
2026-02-10,459.55,390.02,175.0,2.0,13.2
2026-02-11,459.89,389.91,220.0,0.0,13.6
2026-02-12,460.57,390.27,225.0,0.0,14.2
2026-02-13,460.59,390.33,210.0,0.0,14.0
2026-02-14,460.82,390.19,215.0,0.0,13.8
2026-02-15,459.23,390.11,190.0,0.0,14.6
2026-02-16,459.51,390.24,230.0,0.0,14.8
2026-02-17,459.94,390.14,185.0,0.0,15.2
2026-02-18,460.46,390.14,190.0,0.0,16.4
2026-02-19,460.59,390.21,215.0,0.0,16.0
2026-02-20,460.43,390.14,202.0,0.0,16.8
2026-02-21,460.54,390.11,210.0,0.0,17.4
2026-02-22,460.13,391.27,225.0,0.0,17.0
2026-02-23,460.08,390.23,245.0,0.0,17.8
2026-02-24,460.27,389.88,245.0,0.0,18.2
2026-02-25,460.04,390.15,206.0,0.0,17.6
2026-02-26,459.5,389.23,252.0,0.0,18.0
2026-02-27,459.16,389.16,238.0,0.0,18.6
2026-02-28,460.0,390.23,223.0,0.0,17.8
2026-03-01,460.1,390.33,240.0,0.0,18.0
2026-03-02,460.0,390.33,235.0,0.0,16.9
2026-03-03,460.19,390.14,210.0,0.0,19.3
2026-03-04,459.16,389.27,210.0,0.0,17.6
2026-03-05,459.18,389.17,220.0,0.0,20.7
2026-03-06,458.38,389.11,270.0,0.0,18.5
2026-03-07,458.55,389.11,260.0,0.0,19.6
2026-03-08,460.59,389.11,280.0,0.0,23.9
2026-03-09,460.18,389.88,250.0,0.0,19.3
2026-03-10,460.25,389.9,270.0,0.5,20.2
2026-03-11,460.44,390.45,455.0,1.0,18.2
2026-03-12,460.0,391.45,560.0,3.0,14.9
2026-03-13,459.45,390.45,580.0,0.0,22.5
2026-03-14,459.76,390.55,460.0,0.0,22.8
2026-03-15,459.77,390.85,410.0,5.0,10.9
2026-03-16,460.2,390.9,411.0,5.0,11.6
2026-03-17,459.78,391.63,412.0,0.0,13.1
2026-03-18,459.81,391.3,328.0,7.5,15.4
2026-03-19,459.78,390.6,335.0,12.0,12.4
2026-03-20,458.99,390.95,389.0,1.5,13.7
2026-03-21,459.33,391.85,490.0,13.0,12.7
2026-03-22,458.44,390.31,450.0,0.0,14.5
2026-03-23,459.19,389.88,380.0,0.0,16.8
2026-03-24,458.69,389.08,410.0,0.0,16.1
2026-03-25,458.57,389.08,380.0,0.0,16.7
2026-03-26,459.53,389.16,375.0,0.0,20.3
2026-03-27,458.83,389.07,380.0,0.0,18.3
2026-03-28,459.21,389.05,400.0,0.0,17.4
2026-03-29,459.18,389.05,440.0,0.0,16.7
2026-03-30,458.28,389.84,480.0,0.0,18.8
2026-03-31,459.68,393.1,1100.0,43.5,18.8
2026-04-01,459.01,393.48,1130.0,0.0,17.3
2026-04-02,459.06,391.02,840.0,0.0,20.6
2026-04-03,458.73,391.46,725.0,17.0,17.3
2026-04-04,459.2,392.4,1040.0,34.5,14.7
2026-04-05,460.65,393.67,1280.0,4.0,17.0
2026-04-06,460.1,393.18,1145.0,4.0,16.1
2026-04-07,460.21,393.78,923.0,28.5,15.3
2026-04-08,459.2,391.75,945.0,23.5,11.2
2026-04-09,459.05,391.98,945.0,31.0,12.0
2026-04-10,458.38,391.93,860.0,0.0,16.2
2026-04-11,458.38,392.63,800.0,0.0,15.9
2026-04-12,459.48,391.06,700.0,0.0,19.8
2026-04-13,458.3,391.84,660.0,0.0,18.1
2026-04-14,459.51,391.38,625.0,0.0,19.2
2026-04-15,458.36,392.38,670.0,0.0,22.7
2026-04-16,458.56,391.43,640.0,0.0,20.2
2026-04-17,458.93,391.21,645.0,0.0,21.7
2026-04-18,458.55,391.23,780.0,0.5,22.1
2026-04-19,460.01,391.88,930.0,0.0,24.8
2026-04-20,460.45,393.59,1160.0,0.0,26.3
2026-04-21,458.38,392.18,980.0,0.0,26.5
2026-04-22,458.2,391.2,930.0,0.0,25.6
2026-04-23,458.65,392.88,940.0,0.0,28.1
2026-04-24,458.6,392.54,900.0,0.0,27.6
2026-04-25,458.68,393.79,1060.0,0.0,29.4
2026-04-26,458.98,393.71,1100.0,0.0,25.1
2026-04-27,460.17,393.59,1108.0,0.0,27.7
2026-04-28,459.9,393.05,1049.0,0.0,28.2
2026-04-29,459.74,392.93,1033.0,0.0,18.5
2026-04-30,460.05,393.49,1050.0,0.0,25.7
2026-05-01,459.98,391.88,1020.0,12.0,22.6
2026-05-02,459.91,393.63,1115.0,0.0,23.9
2026-05-03,460.2,393.21,1100.0,4.5,21.2
2026-05-04,458.94,393.68,1000.0,0.0,23.6
2026-05-05,459.14,392.6,980.0,1.5,20.5
2026-05-06,458.7,392.46,890.0,0.0,21.7
2026-05-07,458.74,392.15,905.0,0.0,23.9
2026-05-08,459.33,391.76,945.0,0.0,23.5
2026-05-09,458.66,391.76,1010.0,0.0,25.6
2026-05-10,459.1,392.76,1050.0,0.5,25.3
2026-05-11,459.8,393.64,1140.0,0.0,23.2
2026-05-12,459.94,393.64,1220.0,0.0,25.2
2026-05-13,460.74,393.61,1170.0,0.0,26.0
2026-05-14,459.14,392.38,1040.0,2.0,26.0
2026-05-15,459.04,393.38,965.0,0.0,24.8
2026-05-16,460.13,392.65,1038.0,0.0,29.6
2026-05-17,459.98,392.71,1044.0,0.0,26.5
2026-05-18,459.95,390.91,1115.0,0.0,28.0
2026-05-19,460.83,393.58,1194.0,0.0,30.0
2026-05-20,460.5,393.55,1200.0,0.0,30.1
2026-05-21,460.53,393.7,1352.0,0.0,30.6
2026-05-22,460.94,393.79,1350.0,0.0,26.3
2026-05-23,460.42,394.08,1240.0,0.0,25.7
2026-05-24,460.63,394.02,1210.0,0.0,29.4
2026-05-25,460.48,394.01,1140.0,0.0,29.1
2026-05-26,459.6,393.63,1190.0,0.0,30.0
2026-05-27,458.46,393.04,1160.0,0.0,30.4
2026-05-28,459.16,393.21,1060.0,0.0,30.9
2026-05-29,459.38,394.08,1120.0,0.0,28.8
2026-05-30,459.22,394.07,1120.0,0.0,25.6
2026-05-31,460.34,393.99,1122.0,0.0,24.0
2026-06-01,458.95,394.1,1160.0,0.0,26.2
2026-06-02,460.05,392.7,1300.0,0.0,26.4
2026-06-03,460.57,393.96,1240.0,1.5,25.4
2026-06-04,460.39,393.98,1120.0,17.5,19.4
2026-06-05,460.5,393.95,1068.0,18.5,25.0
2026-06-06,458.86,392.19,977.0,0.0,27.5
2026-06-07,458.51,393.43,902.0,0.0,28.3
2026-06-08,458.29,392.46,908.0,0.0,28.4
2026-06-09,458.9,391.75,900.0,0.0,33.4
2026-06-10,459.43,392.52,1040.0,0.0,28.5
2026-06-11,460.25,393.88,1050.0,0.0,31.9
2026-06-12,459.9,392.15,1020.0,0.0,24.5
2026-06-13,459.91,392.48,900.0,0.0,25.3
2026-06-14,459.5,391.6,900.0,0.0,26.0
2026-06-15,459.22,393.05,870.0,0.0,26.9
2026-06-16,459.5,393.3,910.0,0.0,27.0
2026-06-17,459.64,392.56,990.0,0.0,28.4
2026-06-18,459.59,392.3,995.0,0.0,25.9
2026-06-19,459.9,392.12,870.0,61.0,28.5
2026-06-20,458.2,393.6,840.0,0.0,28.1
2026-06-21,458.76,392.98,830.0,25.5,27.0
2026-06-22,458.13,393.98,820.0,25.5,21.9
2026-06-23,459.15,393.98,800.0,0.0,26.5
2026-06-24,458.54,392.34,806.0,0.0,29.9
2026-06-25,459.52,391.81,1000.0,0.0,22.3
2026-06-26,459.75,393.65,1010.0,0.0,29.7
2026-06-27,459.64,393.96,1081.0,0.0,31.8
2026-06-28,458.98,393.04,1101.0,0.0,30.2
2026-06-29,459.4,392.96,1000.0,0.0,30.3
2026-06-30,459.46,393.04,1080.0,0.0,32.1
2026-07-01,458.5,394.05,1090.0,36.5,21.6
2026-07-02,460.32,393.75,1100.0,41.0,26.4
2026-07-03,460.45,393.55,1030.0,0.0,29.6
2026-07-04,460.4,393.0,980.0,0.0,29.8
2026-07-05,460.8,393.8,1100.0,7.5,30.6
2026-07-06,459.1,393.94,880.0,46.0,28.9
2026-07-07,458.9,393.46,850.0,0.0,27.8
2026-07-08,458.46,392.55,800.0,15.5,29.6
2026-07-09,459.93,392.56,800.0,0.5,26.7
2026-07-10,458.25,392.15,760.0,0.0,29.1
2026-07-11,459.1,391.66,835.0,17.0,23.2
2026-07-12,458.26,392.6,750.0,23.5,21.8
2026-07-13,458.35,392.29,750.0,0.0,26.7
2026-07-14,458.33,392.08,713.0,0.0,26.9
2026-07-15,458.43,392.28,658.0,0.0,28.3
2026-07-16,458.68,391.67,675.0,0.0,27.1
2026-07-17,458.58,392.91,660.0,0.0,29.6
2026-07-18,458.73,392.59,688.0,0.0,30.2
2026-07-19,459.11,391.6,870.0,0.0,27.8
2026-07-20,460.75,394.44,1700.0,88.5,22.8
2026-07-21,460.92,393.98,1318.0,127.5,22.9
2026-07-22,460.5,394.02,1200.0,57.5,25.3
2026-07-23,460.88,394.4,1420.0,23.5,24.3
2026-07-24,460.6,394.04,1280.0,0.0,25.6
2026-07-25,459.94,393.95,1120.0,0.5,25.9
2026-07-26,460.54,394.03,1135.0,18.0,26.5
2026-07-27,460.71,393.99,1240.0,0.0,29.5
2026-07-28,460.61,393.99,1250.0,6.0,29.4
2026-07-29,460.48,393.97,1225.0,8.0,23.8
2026-07-30,460.32,394.03,1200.0,0.0,29.5
2026-07-31,460.11,394.03,1180.0,5.5,25.4
2026-08-01,460.29,394.03,1180.0,0.0,25.4
2026-08-02,459.69,392.8,1160.0,0.0,27.8
2026-08-03,459.5,393.95,1202.0,0.0,26.1
2026-08-04,460.14,393.5,1088.0,0.5,26.3
2026-08-05,460.29,393.4,1098.0,14.5,28.6
2026-08-06,460.69,392.78,1105.0,0.0,26.0
2026-08-07,460.44,393.64,1044.0,11.0,27.1
2026-08-08,459.05,393.43,900.0,0.0,28.6
2026-08-09,459.71,392.95,930.0,0.0,26.0
2026-08-10,459.06,393.16,910.0,0.0,28.6
2026-08-11,458.71,391.61,820.0,0.0,27.3
2026-08-12,458.64,391.64,740.0,0.0,26.2
2026-08-13,458.96,390.96,780.0,0.0,28.3
2026-08-14,458.3,391.61,760.0,1.5,26.5
2026-08-15,458.87,391.54,750.0,0.0,25.0
2026-08-16,458.66,391.58,720.0,0.0,27.1
2026-08-17,458.75,391.48,680.0,0.0,25.1
2026-08-18,458.7,391.54,680.0,0.0,26.9
2026-08-19,458.7,391.61,650.0,1.5,19.5
2026-08-20,458.68,391.6,630.0,5.5,23.8
2026-08-21,458.64,391.65,600.0,3.5,24.8
2026-08-22,458.64,391.65,600.0,0.0,25.9
2026-08-23,459.05,391.55,610.0,3.0,23.3
2026-08-24,458.53,391.98,570.0,0.0,28.0
2026-08-25,458.58,390.91,559.0,0.0,28.0
2026-08-26,459.36,390.94,539.0,0.0,28.0
2026-08-27,458.65,391.17,552.0,0.0,28.9
2026-08-28,458.61,390.91,500.0,0.0,26.7
2026-08-29,458.56,390.91,510.0,0.0,28.2
2026-08-30,458.65,390.9,450.0,25.5,28.2
2026-08-31,458.75,390.9,505.0,0.0,24.8
2026-09-01,459.04,391.69,490.0,49.0,
